exercise_id,slug,nombre interno,nombre público actual,nombre público recomendado,estado,Sistema al que pertenece,Ruta o Rutas,Madera o punto de partida,modalidad,patrón de movimiento,objetivo,grupo muscular,equipo,espacio requerido,posición inicial,ejecución paso a paso,indicaciones técnicas,respiración,errores comunes,regresiones,progresiones,repeticiones,series,tiempo,descanso,tempo,duración estimada,criterios de finalización,advertencias,contraindicaciones,activo visual asociado,video asociado,miniatura asociada,pantalla donde aparece,componente donde aparece,archivo fuente,datos faltantes,contradicciones,estado visual
EJ003,elevación-de-talones-(de-pie),Elevación de Talones (de pie),Elevación de Talones (de pie),Elevación de Talones (de pie),pendiente,,,,,,,Pantorrillas (Gemelos y Sóleo),N/A,,,De pie con los pies a la anchura de la cadera. Sube elevando los talones lo más alto posible apretando las pantorrillas. Baja con control.,Haz una pausa de 2 segundos arriba para máxima contracción. Puedes apoyarte en la pared para equilibrio.,,,,,,,,,,,,,,https://storage.googleapis.com/glide-prod.appspot.com/uploads-v2/uH9VKQvQBIrADlb8I3em/pub/N7EAWNGQgjOxvPxGOeIG.png,,,,,Supabase: ejercicios_biblioteca,,,
EJ004,elevación-de-talones-a-una-pierna,Elevación de Talones a Una Pierna,Elevación de Talones a Una Pierna,Elevación de Talones a Una Pierna,pendiente,,,,,,,Pantorrillas (Gemelos y Sóleo),Muro para equilibrio,,,De pie sobre una pierna apoyándote en la pared. Sube el talón lo más alto posible apretando la pantorrilla. Baja con control.,Haz pausa de 2 segundos arriba. Baja el talón completamente para rango completo.,,,,,,,,,,,,,,https://storage.googleapis.com/glide-prod.appspot.com/uploads-v2/uH9VKQvQBIrADlb8I3em/pub/axgXKFykoIh7c0yj4WsS.png,,,,,Supabase: ejercicios_biblioteca,,,
EJ005,elevación-de-talones-con-pausa,Elevación de Talones con Pausa,Elevación de Talones con Pausa,Elevación de Talones con Pausa,pendiente,,,,,,,Pantorrillas (Gemelos y Sóleo),N/A,,,De pie con los pies a la anchura de la cadera. Sube los talones apretando las pantorrillas. Mantén arriba 3 segundos y baja lento (3 segundos).,El tempo lento aumenta el tiempo bajo tensión. Puedes hacerlo en el borde de un escalón para más rango.,,,,,,,,,,,,,,https://storage.googleapis.com/glide-prod.appspot.com/uploads-v2/uH9VKQvQBIrADlb8I3em/pub/EW0zzYxKqeDaPohKiWgV.png,,,,,Supabase: ejercicios_biblioteca,,,
EJ007,flexiones-archer-asistidas,Flexiones Archer Asistidas,Flexiones Archer Asistidas,Flexiones Archer Asistidas,pendiente,,,,,,,"Pectorales, Tríceps, Deltoides",N/A,,,En posición de flexión con las manos más abiertas que los hombros. Baja hacia un lado doblando un codo mientras el otro brazo se extiende. Empuja para subir y alterna.,El brazo extendido puede tener los dedos apoyados para asistencia. Baja el pecho hacia la mano que se flexiona.,,,,,,,,,,,,,,https://storage.googleapis.com/glide-prod.appspot.com/uploads-v2/uH9VKQvQBIrADlb8I3em/pub/HZbJXFjekWV7Z1Qm6nld.jpeg,,,,,Supabase: ejercicios_biblioteca,,,
EJ008,flexiones-diamante,Flexiones Diamante,Flexiones Diamante,Flexiones Diamante,pendiente,,,,,,,"Tríceps, Pecho interior, Deltoides",N/A,,,Coloca las manos en el suelo formando un diamante con los pulgares e índices. Baja el pecho hasta las manos y empuja para subir manteniendo el cuerpo recto.,Mantén los codos pegados al cuerpo. Si es muy difícil hazlas en rodillas primero.,,,,,,,,,,,,,,https://storage.googleapis.com/glide-prod.appspot.com/uploads-v2/uH9VKQvQBIrADlb8I3em/pub/9NCc4StYYg4nEPDvpawW.jpeg,,,,,Supabase: ejercicios_biblioteca,,,
EJ009,flexiones-escapulares,Flexiones Escapulares,Flexiones Escapulares,Flexiones Escapulares,pendiente,,,,,,,Serrato anterior y Trapecio,Barras Paralelas,,,"En posición de plancha sobre las barras, mantén los brazos totalmente rectos. Junta tus escápulas dejando que el pecho baje un poco y luego empuja con fuerza para separarlas.",No dobles los codos. El movimiento es corto y nace solo de tus hombros.,,,,,,,,,,,,,,https://storage.googleapis.com/glide-prod.appspot.com/uploads-v2/uH9VKQvQBIrADlb8I3em/pub/a4ZCTpgTw7emfa4eVHAj.jpeg,,,,,Supabase: ejercicios_biblioteca,,,
EJ010,flexiones-inclinadas-(manos-en-silla),Flexiones Inclinadas (manos en silla),Flexiones Inclinadas (manos en silla),Flexiones Inclinadas (manos en silla),pendiente,,,,,,,"Pectorales, Tríceps, Deltoides",Silla o superficie elevada,,,Coloca las manos sobre una silla firme a la anchura de los hombros. Mantén el cuerpo en línea recta y baja el pecho hacia la silla doblando los codos. Empuja con fuerza para volver a subir.,Cuanto más baja sea la superficie donde apoyas las manos más difícil será. Empieza con algo alto y ve bajando conforme ganes fuerza.,,,,,,,,,,,,,,https://storage.googleapis.com/glide-prod.appspot.com/uploads-v2/uH9VKQvQBIrADlb8I3em/pub/tHDhwGpeBk4wZW6Mm0Wb.jpeg,,,,,Supabase: ejercicios_biblioteca,,,
EJ011,flexiones-neutras,Flexiones Neutras,Flexiones Neutras,Flexiones Neutras,pendiente,,,,,,,"Pecho, Tríceps, Deltoides frontal.",Barras Paralelas bajas,,,"Manos en las barras, cuerpo recto como tabla. Baja el pecho hasta el nivel de las barras.","Mantén los codos hacia atrás (forma de flecha), no hacia afuera (forma de T).",,,,,,,,,,,,,,https://storage.googleapis.com/glide-prod.appspot.com/uploads-v2/uH9VKQvQBIrADlb8I3em/pub/Eux7oj7ouXDOO1uahww8.png,,,,,Supabase: ejercicios_biblioteca,,,
EJ012,flexiones-neutras-(en-paralelas),Flexiones Neutras (en paralelas),Flexiones Neutras (en paralelas),Flexiones Neutras (en paralelas),pendiente,,,,,,,"Pecho, Tríceps, Deltoides frontal.",Barras Paralelas bajas,,,"Manos en las barras, cuerpo recto como tabla. Baja el pecho hasta el nivel de las barras.","Mantén los codos hacia atrás (forma de flecha), no hacia afuera (forma de T).",,,,,,,,,,,,,,https://storage.googleapis.com/glide-prod.appspot.com/uploads-v2/uH9VKQvQBIrADlb8I3em/pub/Y0IBpqNEqOyZbVoWzUhp.png,,,,,Supabase: ejercicios_biblioteca,,,
EJ013,flexiones-en-paralelas-(rango-completo),Flexiones en Paralelas (rango completo),Flexiones en Paralelas (rango completo),Flexiones en Paralelas (rango completo),pendiente,,,,,,,"Pectorales, Tríceps, Deltoides",Barras Paralelas bajas,,,Manos en las barras en posición de plancha. Baja el pecho por debajo del nivel de las barras aprovechando el rango extra que dan las paralelas. Sube con fuerza.,Baja lento (3 segundos) y sube explosivo. El rango extra activa más fibras del pecho.,,,,,,,,,,,,,,https://storage.googleapis.com/glide-prod.appspot.com/uploads-v2/uH9VKQvQBIrADlb8I3em/pub/CzWvDYSnl6CMl9ligkzl.png,,,,,Supabase: ejercicios_biblioteca,,,
EJ014,flexiones-en-pared,Flexiones en Pared,Flexiones en Pared,Flexiones en Pared,pendiente,,,,,,,"Pectorales, Tríceps, Deltoides",Muro,,,"De pie frente a una pared, apoya las manos a la altura de los hombros. Inclina el cuerpo, baja el pecho y empuja.","Cuanto más alejes los pies de la pared, más difícil será.",,,,,,,,,,,,,,https://storage.googleapis.com/glide-prod.appspot.com/uploads-v2/uH9VKQvQBIrADlb8I3em/pub/F5wJNBiMSNETKr6WYUSs.jpeg,,,,,Supabase: ejercicios_biblioteca,,,
EJ015,flexiones-en-rodillas,Flexiones en Rodillas,Flexiones en Rodillas,Flexiones en Rodillas,pendiente,,,,,,,"Pectorales, Tríceps, Deltoides",N/A,,,Apoya las manos a la anchura de los hombros y las rodillas en el piso. Baja el pecho hasta casi tocar el suelo manteniendo el cuerpo alineado desde rodillas hasta cabeza. Empuja para subir.,Mantén los codos en forma de flecha hacia atrás y no hacia afuera. Aprieta el abdomen en todo momento.,,,,,,,,,,,,,,https://storage.googleapis.com/glide-prod.appspot.com/uploads-v2/uH9VKQvQBIrADlb8I3em/pub/K2872oaOO7XazcHxsZLs.jpeg,,,,,Supabase: ejercicios_biblioteca,,,
EJ016,fondos-asistidos-(pies-en-suelo),Fondos Asistidos (pies en suelo),Fondos Asistidos (pies en suelo),Fondos Asistidos (pies en suelo),pendiente,,,,,,,"Tríceps, Pecho inferior, Deltoides",Barras Paralelas bajas,,,Sujeta las barras y mantén los pies apoyados en el suelo con las rodillas flexionadas. Baja el cuerpo doblando los codos hasta que los brazos formen 90 grados y sube empujando con fuerza.,Usa los pies solo como apoyo. Intenta cargar cada vez más peso en los brazos conforme ganes fuerza.,,,,,,,,,,,,,,https://storage.googleapis.com/glide-prod.appspot.com/uploads-v2/uH9VKQvQBIrADlb8I3em/pub/8tBBjFjplRMgQsCckRah.png,,,,,Supabase: ejercicios_biblioteca,,,
EJ017,fondos-profundos-en-paralelas,Fondos Profundos en Paralelas,Fondos Profundos en Paralelas,Fondos Profundos en Paralelas,pendiente,,,,,,,"Pecho, Tríceps, Deltoides frontal",Barras Paralelas bajas,,,Sujeta las barras con brazos extendidos. Baja el cuerpo doblando los codos hasta que los hombros queden por debajo de los codos. Empuja para subir.,Inclina el torso ligeramente al frente para más activación de pecho. Si sientes dolor en el hombro no bajes tanto.,,,,,,,,,,,,,,https://storage.googleapis.com/glide-prod.appspot.com/uploads-v2/uH9VKQvQBIrADlb8I3em/pub/sOBNnpgqQohwpEHX7PHF.png,,,,,Supabase: ejercicios_biblioteca,,,
EJ002,dominadas-australianas-(en-barra-baja),Dominadas Australianas (en barra baja),Dominadas Australianas (en barra baja),Dominadas Australianas (en barra baja),pendiente,,,,,,,"Espalda (Dorsales), Bíceps, Romboides",Barra baja o barra de dominadas baja,,,Acuéstate debajo de la barra y sujétala con agarre prono. Cuerpo recto como tabla con los talones en el suelo. Tira del pecho hacia la barra y baja con control.,Aprieta los omóplatos al subir. Cuanto más horizontal esté tu cuerpo más difícil será.,,,,,,,,,,,,,,https://rhxseahupujjqhcrthpf.supabase.co/storage/v1/object/public/imagenes/ejercicios/EJ002_1785106631903.png,,,,,Supabase: ejercicios_biblioteca,,,
EJ018,fondos-de-tríceps,Fondos de Tríceps,Fondos de Tríceps,Fondos de Tríceps,pendiente,,,,,,,"Tríceps, Pecho inferior.",Paralelas Bajas,,,"Pies estirados al frente, manos en barras. Baja la cadera doblando codos y sube.",No bajes demasiado si sientes tensión en el frente del hombro. El control es clave.,,,,,,,,,,,,,,,,,,,Supabase: ejercicios_biblioteca,,,
EJ019,fondos-de-tríceps-(en-paralelas),Fondos de Tríceps (en paralelas),Fondos de Tríceps (en paralelas),Fondos de Tríceps (en paralelas),pendiente,,,,,,,"Tríceps, Pecho inferior",Barras Paralelas bajas,,,Sujeta las barras con los brazos extendidos. Pies estirados al frente apoyados en el suelo. Baja la cadera doblando los codos hacia atrás y empuja para subir.,No bajes demasiado si sientes tensión en el hombro frontal. Mantén los codos apuntando hacia atrás.,,,,,,,,,,,,,,https://storage.googleapis.com/glide-prod.appspot.com/uploads-v2/uH9VKQvQBIrADlb8I3em/pub/YADHqfElkl05jbLhivcD.png,,,,,Supabase: ejercicios_biblioteca,,,
EJ020,fondos-en-paralelas,Fondos en Paralelas,Fondos en Paralelas,Fondos en Paralelas,pendiente,,,,,,,"Tríceps, Pecho inferior, Deltoides",Barras Paralelas bajas,,,Sujeta las barras con los brazos extendidos y las piernas estiradas al frente o cruzadas. Baja doblando los codos hasta 90 grados y empuja para subir.,Mantén los codos apuntando hacia atrás. Controla la bajada sin dejarte caer.,,,,,,,,,,,,,,https://storage.googleapis.com/glide-prod.appspot.com/uploads-v2/uH9VKQvQBIrADlb8I3em/pub/YdtF0VuTXB8eu2E2mQyL.png,,,,,Supabase: ejercicios_biblioteca,,,
EJ021,hip-thrust-a-una-pierna-(en-silla),Hip Thrust a Una Pierna (en silla),Hip Thrust a Una Pierna (en silla),Hip Thrust a Una Pierna (en silla),pendiente,,,,,,,"Glúteos, Isquiotibiales, Core",Silla,,,Siéntate en el suelo con la espalda alta apoyada en una silla. Un pie en el suelo y la otra pierna extendida. Empuja la cadera hacia arriba con la pierna apoyada.,Aprieta el glúteo arriba y mantén la cadera nivelada. Baja con control sin tocar el suelo.,,,,,,,,,,,,,,https://storage.googleapis.com/glide-prod.appspot.com/uploads-v2/uH9VKQvQBIrADlb8I3em/pub/xX5cKl4rDiCe42Uo4bIB.jpeg,,,,,Supabase: ejercicios_biblioteca,,,
EJ022,l-sit-(piernas-extendidas),L-Sit (piernas extendidas),L-Sit (piernas extendidas),L-Sit (piernas extendidas),pendiente,,,,,,,"Abdominales, Flexores de cadera, Tríceps",Barras Paralelas bajas,,,Siéntate entre las barras con manos en las barras y brazos rectos. Levanta la cadera y extiende las piernas completamente al frente formando una L.,Empuja las barras hacia abajo con fuerza. Activa los cuádriceps para mantener las piernas rectas y arriba.,,,,,,,,,,,,,,https://storage.googleapis.com/glide-prod.appspot.com/uploads-v2/uH9VKQvQBIrADlb8I3em/pub/PKhfmb2J6gAIoWhEh43P.jpeg,,,,,Supabase: ejercicios_biblioteca,,,
EJ023,l-sit-asistido,L-Sit Asistido,L-Sit Asistido,L-Sit Asistido,pendiente,,,,,,,"Abdominales, Tríceps, Flexores de cadera.",Paralelas Bajas,,,"Siéntate entre las barras, brazos estirados, talones apoyados adelante. Eleva la cadera.","Bloquea los codos por completo. Si tus hombros suben a las orejas, estás fallando",,,,,,,,,,,,,,,,,,,Supabase: ejercicios_biblioteca,,,
EJ024,l-sit-asistido-(rodillas-flexionadas),L-Sit Asistido (rodillas flexionadas),L-Sit Asistido (rodillas flexionadas),L-Sit Asistido (rodillas flexionadas),pendiente,,,,,,,"Abdominales, Tríceps, Flexores de cadera",Barras Paralelas bajas,,,Siéntate entre las barras con las manos en las barras y los brazos rectos. Levanta la cadera del suelo con las rodillas flexionadas hacia el pecho.,Bloquea los codos y empuja las barras hacia abajo con fuerza. Mantén los hombros lejos de las orejas.,,,,,,,,,,,,,,https://storage.googleapis.com/glide-prod.appspot.com/uploads-v2/uH9VKQvQBIrADlb8I3em/pub/FxsT9OQ3sWmqJssCM432.png,,,,,Supabase: ejercicios_biblioteca,,,
EJ025,peso-muerto-rumano-a-una-pierna,Peso Muerto Rumano a Una Pierna,Peso Muerto Rumano a Una Pierna,Peso Muerto Rumano a Una Pierna,pendiente,,,,,,,"Isquiotibiales, Glúteos, Core",N/A,,,De pie sobre una pierna con rodilla ligeramente flexionada. Inclina el torso hacia adelante con la espalda recta mientras la pierna libre se extiende atrás. Regresa apretando glúteo e isquiotibial.,Siente el estiramiento en el isquiotibial de la pierna de apoyo. No redondees la espalda.,,,,,,,,,,,,,,https://storage.googleapis.com/glide-prod.appspot.com/uploads-v2/uH9VKQvQBIrADlb8I3em/pub/7reIJWUHEdM0r87LhcTa.png,,,,,Supabase: ejercicios_biblioteca,,,
EJ026,peso-muerto-a-una-pierna-(sin-peso),Peso Muerto a Una Pierna (sin peso),Peso Muerto a Una Pierna (sin peso),Peso Muerto a Una Pierna (sin peso),pendiente,,,,,,,"Isquiotibiales, Glúteos, Core",N/A,,,De pie sobre una pierna. Inclina el torso hacia adelante mientras la pierna libre se extiende hacia atrás. Baja hasta que el torso quede paralelo al suelo y sube con control.,Mantén la espalda recta en todo momento. Mira un punto fijo en el suelo para mejor equilibrio.,,,,,,,,,,,,,,https://storage.googleapis.com/glide-prod.appspot.com/uploads-v2/uH9VKQvQBIrADlb8I3em/pub/4xwI9ekqJoe8uz8hE0R2.png,,,,,Supabase: ejercicios_biblioteca,,,
EJ027,pike-push-ups-(en-paralelas),Pike Push-ups (en paralelas),Pike Push-ups (en paralelas),Pike Push-ups (en paralelas),pendiente,,,,,,,"Deltoides, Tríceps, Trapecio",Barras Paralelas bajas,,,Manos en las barras en posición de plancha. Sube la cadera formando una V invertida. Baja la cabeza entre las barras doblando los codos y empuja para subir.,Cuanto más cerca estén los pies de las manos más difícil será. Mira hacia las barras al bajar.,,,,,,,,,,,,,,https://storage.googleapis.com/glide-prod.appspot.com/uploads-v2/uH9VKQvQBIrADlb8I3em/pub/kGxbB6rLYKxvKOdZ2YyU.png,,,,,Supabase: ejercicios_biblioteca,,,
EJ029,pistol-squat-asistida-(con-liga),Pistol Squat Asistida (con liga),Pistol Squat Asistida (con liga),Pistol Squat Asistida (con liga),pendiente,,,,,,,"Cuádriceps, Glúteos, Core",Barra para Ligas + Banda,,,Sujeta una liga atada a la barra a la altura del pecho. Extiende una pierna al frente y baja con la otra haciendo sentadilla completa. Usa la liga para asistir la subida.,La liga ayuda en la parte más difícil (abajo). Conforme ganes fuerza usa ligas más delgadas.,,,,,,,,,,,,,,https://storage.googleapis.com/glide-prod.appspot.com/uploads-v2/uH9VKQvQBIrADlb8I3em/pub/2ZLAan00RNOMmBvpbTbt.jpeg,,,,,Supabase: ejercicios_biblioteca,,,
EJ030,plancha,Plancha,Plancha,Plancha,pendiente,,,,,,,"Core (todo el abdomen), Hombros.",Paralelas Bajas,,,Sujeta las barras y mantén el cuerpo alineado. Aprieta glúteos y abdomen.,No dejes que la zona lumbar se cuelgue. Mete la pelvis ligeramente (retroversión).,,,,,,,,,,,,,,,,,,,Supabase: ejercicios_biblioteca,,,
EJ031,plancha-inclinada,Plancha Inclinada,Plancha Inclinada,Plancha Inclinada,pendiente,,,,,,,Abdomen (Core) y Hombros,"Barra baja, borde silla o cama",,,Apoya las manos en la barra baja en posición de flexión. Mantén el cuerpo en línea recta y aprieta el abdomen con fuerza sin dejar que la cadera caiga.,Imagina que quieres llevar el ombligo hacia tu columna para activar bien el core.,,,,,,,,,,,,,,https://storage.googleapis.com/glide-prod.appspot.com/uploads-v2/uH9VKQvQBIrADlb8I3em/pub/6TLwRLUNNWAjyPVuW1Rm.jpeg,,,,,Supabase: ejercicios_biblioteca,,,
EJ032,plancha-inclinada-(manos-en-paralelas),Plancha Inclinada (manos en paralelas),Plancha Inclinada (manos en paralelas),Plancha Inclinada (manos en paralelas),pendiente,,,,,,,"Core (Abdomen), Hombros, Serrato",Barras Paralelas bajas,,,Sujeta las barras con las manos y extiende el cuerpo en posición de plancha. Mantén el abdomen apretado y el cuerpo en línea recta desde la cabeza hasta los talones.,Empuja las barras con fuerza activando el serrato. No dejes que la cadera caiga ni se suba.,,,,,,,,,,,,,,https://storage.googleapis.com/glide-prod.appspot.com/uploads-v2/uH9VKQvQBIrADlb8I3em/pub/CtixALLVncuyeYYuE1oy.jpeg,,,,,Supabase: ejercicios_biblioteca,,,
EJ033,plancha-en-rodillas,Plancha en Rodillas,Plancha en Rodillas,Plancha en Rodillas,pendiente,,,,,,,"Core (Abdomen), Hombros",N/A,,,Apoya las manos en el suelo a la anchura de los hombros y las rodillas en el piso. Mantén el cuerpo en línea recta desde la cabeza hasta las rodillas apretando abdomen y glúteos.,No dejes que la cadera se hunda ni se suba. Imagina que tu cuerpo es una tabla desde las rodillas hasta la cabeza.,,,,,,,,,,,,,,https://storage.googleapis.com/glide-prod.appspot.com/uploads-v2/uH9VKQvQBIrADlb8I3em/pub/ZMdlg59OaZbDJmoLkNpz.jpeg,,,,,Supabase: ejercicios_biblioteca,,,
EJ034,press-de-hombro-con-liga,Press de Hombro con Liga,Press de Hombro con Liga,Press de Hombro con Liga,pendiente,,,,,,,"Deltoides, Tríceps",Barra para Ligas + Banda,,,Pisa la liga con ambos pies (o sentado sobre la liga) a la anchura de los hombros. Sujeta los extremos a la altura de los hombros con las palmas al frente. Empuja hacia arriba extendiendo los brazos y baja con control.,No arquees la espalda al empujar. Aprieta el abdomen para proteger la zona lumbar.,,,,,,,,,,,,,,https://storage.googleapis.com/glide-prod.appspot.com/uploads-v2/uH9VKQvQBIrADlb8I3em/pub/wrY6X6VhHoQh1kAyqq7N.jpeg,,,,,Supabase: ejercicios_biblioteca,,,
EJ035,press-de-hombro-con-liga-(de-pie),Press de Hombro con Liga (de pie),Press de Hombro con Liga (de pie),Press de Hombro con Liga (de pie),pendiente,,,,,,,"Deltoides, Tríceps, Trapecio",Barra para Ligas + Banda,,,De pie (o sentado sobre la liga)pisando la liga. Sujeta los extremos a la altura de los hombros. Empuja hacia arriba extendiendo completamente los brazos y baja con control hasta los hombros.,Aprieta el abdomen para no arquear la espalda. Extiende completamente los brazos arriba.,,,,,,,,,,,,,,https://storage.googleapis.com/glide-prod.appspot.com/uploads-v2/uH9VKQvQBIrADlb8I3em/pub/Y7RadRzeWB60PN11YcWk.jpeg,,,,,Supabase: ejercicios_biblioteca,,,
EJ036,puente-de-glúteo,Puente de Glúteo,Puente de Glúteo,Puente de Glúteo,pendiente,,,,,,,"Glúteos, Isquiotibiales",N/A,,,Acuéstate boca arriba con las rodillas flexionadas y los pies apoyados en el suelo. Empuja la cadera hacia arriba apretando los glúteos con fuerza y baja con control.,Aprieta los glúteos arriba durante 2 segundos antes de bajar. No arquees la espalda baja.,,,,,,,,,,,,,,https://storage.googleapis.com/glide-prod.appspot.com/uploads-v2/uH9VKQvQBIrADlb8I3em/pub/dGJJWjOJyZutlBgDGgmt.jpeg,,,,,Supabase: ejercicios_biblioteca,,,
EJ037,puente-de-glúteo-elevado-(pies-en-silla),Puente de Glúteo Elevado (pies en silla),Puente de Glúteo Elevado (pies en silla),Puente de Glúteo Elevado (pies en silla),pendiente,,,,,,,"Glúteos, Isquiotibiales",Silla,,,Acuéstate boca arriba con los pies apoyados sobre una silla. Empuja la cadera hacia arriba apretando los glúteos con fuerza. Baja con control.,La elevación de pies aumenta el rango de movimiento y la dificultad. Aprieta 2 segundos arriba.,,,,,,,,,,,,,,https://storage.googleapis.com/glide-prod.appspot.com/uploads-v2/uH9VKQvQBIrADlb8I3em/pub/4I8vJSuIpy4tKToEMrY4.png,,,,,Supabase: ejercicios_biblioteca,,,
EJ038,puente-de-glúteo-a-una-pierna,Puente de Glúteo a Una Pierna,Puente de Glúteo a Una Pierna,Puente de Glúteo a Una Pierna,pendiente,,,,,,,"Glúteos, Isquiotibiales, Core",N/A,,,Acuéstate boca arriba con una rodilla flexionada y el pie en el suelo. Extiende la otra pierna hacia arriba. Empuja la cadera hacia arriba con la pierna apoyada.,Aprieta el glúteo arriba y mantén la cadera nivelada. No dejes que la cadera se incline hacia un lado.,,,,,,,,,,,,,,https://storage.googleapis.com/glide-prod.appspot.com/uploads-v2/uH9VKQvQBIrADlb8I3em/pub/nniX3Nv1a5h39LjKiHBI.jpeg,,,,,Supabase: ejercicios_biblioteca,,,
EJ039,remo-sentado-con-liga,Remo Sentado con Liga,Remo Sentado con Liga,Remo Sentado con Liga,pendiente,,,,,,,Espalda (Dorsales) y Brazos (Bíceps),Liga,,,Siéntate en el suelo piernas extendidas al frente. Pasa la liga por la planta de tus pies y sujeta los extremos. Tira hacia tu ombligo llevando los codos atrás y apretando la espalda.,Mantén la espalda erguida y saca pecho. No permitas que la liga te encorve al regresar.,,,,,,,,,,,,,,https://storage.googleapis.com/glide-prod.appspot.com/uploads-v2/uH9VKQvQBIrADlb8I3em/pub/dZE249AJTdnqV5fNWCRt.jpeg,,,,,Supabase: ejercicios_biblioteca,,,
EJ040,remo-con-liga-(agarre-amplio),Remo con Liga (agarre amplio),Remo con Liga (agarre amplio),Remo con Liga (agarre amplio),pendiente,,,,,,,"Trapecio, Deltoides posterior, Romboides",Liga,,,Siéntate con las piernas extendidas al frente. Pasa la liga por la planta de tus pies y sujeta los extremos con agarre amplio y palmas hacia abajo. Tira hacia el pecho abriendo los codos.,Aprieta los omóplatos al final. El agarre amplio enfatiza más la espalda alta y el deltoides posterior.,,,,,,,,,,,,,,https://storage.googleapis.com/glide-prod.appspot.com/uploads-v2/uH9VKQvQBIrADlb8I3em/pub/s3L5RZ18walvu1bal7Ot.jpeg,,,,,Supabase: ejercicios_biblioteca,,,
EJ041,remo-con-liga-(agarre-cerrado),Remo con Liga (agarre cerrado),Remo con Liga (agarre cerrado),Remo con Liga (agarre cerrado),pendiente,,,,,,,"Dorsales, Bíceps, Romboides",Liga,,,"Siéntate con las piernas extendidas al  frente , pasa la liga por la plata de tus pies  y sujeta ambos extremos de la liga juntos con las dos manos. Tira hacia el ombligo con los codos muy pegados al cuerpo.",Aprieta fuerte la espalda al final del movimiento. El agarre cerrado enfatiza más los dorsales y bíceps.,,,,,,,,,,,,,,https://storage.googleapis.com/glide-prod.appspot.com/uploads-v2/uH9VKQvQBIrADlb8I3em/pub/edPJJ5EdoYt0NM97uaWO.jpeg,,,,,Supabase: ejercicios_biblioteca,,,
EJ042,remo-con-liga-(agarre-neutro),Remo con Liga (agarre neutro),Remo con Liga (agarre neutro),Remo con Liga (agarre neutro),pendiente,,,,,,,"Espalda (Dorsales), Bíceps, Romboides",Liga,,,"Sentado con las piernas extendida al frente, pasa la liga por la planta de tus pies y sujeta los extremos con las palmas viéndose entre sí. Tira hacia tu ombligo llevando los codos pegados al cuerpo y apretando la espalda.",Saca pecho al tirar y controla el regreso. No dejes que la liga te jale de golpe.,,,,,,,,,,,,,,https://storage.googleapis.com/glide-prod.appspot.com/uploads-v2/uH9VKQvQBIrADlb8I3em/pub/IsgQQ42tNtoJ2nfgsTtj.jpeg,,,,,Supabase: ejercicios_biblioteca,,,
EJ043,remo-con-liga-(agarre-prono),Remo con Liga (agarre prono),Remo con Liga (agarre prono),Remo con Liga (agarre prono),pendiente,,,,,,,"Trapecio, Deltoides posterior, Romboides",Liga,,,Siéntate con las piernas extendidas al frente. Pasa la liga por la planta de tus pies y sujeta los extremos con las palmas hacia abajo. Tira hacia tu ombligo apretando bíceps y espalda.,Aprieta los omóplatos al final del movimiento. Controla la fase de regreso sin dejarte jalar.,,,,,,,,,,,,,,https://storage.googleapis.com/glide-prod.appspot.com/uploads-v2/uH9VKQvQBIrADlb8I3em/pub/e9tSkH2dkdamK7K2z8Jm.png,,,,,Supabase: ejercicios_biblioteca,,,
EJ044,remo-con-liga-(agarre-supino),Remo con Liga (agarre supino),Remo con Liga (agarre supino),Remo con Liga (agarre supino),pendiente,,,,,,,"Bíceps, Espalda (Dorsales)",Liga,,,Siéntate con las piernas extendidas al frente. Pasa la liga por la planta de tus pies y sujeta los extremos con las palmas hacia arriba. Tira hacia tu ombligo apretando bíceps y espalda.,Enfoca la contracción en los bíceps y la espalda baja. Mantén la espalda erguida durante todo el movimiento.,,,,,,,,,,,,,,https://storage.googleapis.com/glide-prod.appspot.com/uploads-v2/uH9VKQvQBIrADlb8I3em/pub/I4XmTG9gbpImKZcCOHJs.jpeg,,,,,Supabase: ejercicios_biblioteca,,,
EJ045,salto-al-cajón-(en-silla-firme),Salto al Cajón (en silla firme),Salto al Cajón (en silla firme),Salto al Cajón (en silla firme),pendiente,,,,,,,"Cuádriceps, Glúteos, Pantorrillas",Silla firme y estable,,,De pie frente a una silla estable. Flexiona rodillas y salta aterrizando con ambos pies sobre la silla. Baja con cuidado paso a paso.,Asegúrate de que la silla sea muy estable. Aterriza suave con las rodillas flexionadas. Baja caminando no saltando.,,,,,,,,,,,,,,https://storage.googleapis.com/glide-prod.appspot.com/uploads-v2/uH9VKQvQBIrADlb8I3em/pub/WB4HPPUMgck2NLrV4CXI.jpeg,,,,,Supabase: ejercicios_biblioteca,,,
EJ046,sentadilla-búlgara,Sentadilla Búlgara,Sentadilla Búlgara,Sentadilla Búlgara,pendiente,,,,,,,"Cuádriceps, Glúteos, Isquiotibiales",Silla o superficie elevada,,,Coloca el empeine de un pie sobre una silla detrás de ti. Baja flexionando la rodilla delantera hasta que el muslo quede paralelo al suelo. Sube con fuerza.,Mantén el torso erguido. Puedes inclinar ligeramente el torso para más activación de glúteo.,,,,,,,,,,,,,,https://storage.googleapis.com/glide-prod.appspot.com/uploads-v2/uH9VKQvQBIrADlb8I3em/pub/VlWpuoRi8pVUkgernE25.png,,,,,Supabase: ejercicios_biblioteca,,,
EJ047,sentadilla-búlgara-asistida,Sentadilla Búlgara Asistida,Sentadilla Búlgara Asistida,Sentadilla Búlgara Asistida,pendiente,,,,,,,"Cuádriceps, Glúteos",Silla o superficie elevada,,,Coloca el empeine de un pie sobre una silla detrás de ti. Baja flexionando la rodilla delantera hasta que el muslo quede paralelo al suelo. Apóyate en la pared si necesitas equilibrio.,Mantén el torso erguido y la rodilla delantera alineada con el pie. La pierna trasera solo sirve de apoyo.,,,,,,,,,,,,,,https://storage.googleapis.com/glide-prod.appspot.com/uploads-v2/uH9VKQvQBIrADlb8I3em/pub/ibt41CsDINyfHlkyDFGb.jpeg,,,,,Supabase: ejercicios_biblioteca,,,
EJ048,sentadilla-cosaca,Sentadilla Cosaca,Sentadilla Cosaca,Sentadilla Cosaca,pendiente,,,,,,,"Aductores, Cuádriceps, Glúteos",N/A,,,Pies muy abiertos. Baja hacia un lado flexionando una rodilla mientras la otra pierna se extiende recta con el pie apuntando arriba. Sube y alterna.,Mantén el talón pegado al suelo y el torso erguido. Si puedes baja hasta que el glúteo toque el talón.,,,,,,,,,,,,,,https://storage.googleapis.com/glide-prod.appspot.com/uploads-v2/uH9VKQvQBIrADlb8I3em/pub/g4jWpM2c386PH9Kryit6.jpeg,,,,,Supabase: ejercicios_biblioteca,,,
EJ049,sentadilla-cosaca-asistida,Sentadilla Cosaca Asistida,Sentadilla Cosaca Asistida,Sentadilla Cosaca Asistida,pendiente,,,,,,,"Aductores, Cuádriceps, Glúteos",Muro o poste para sujetarse,,,Pies muy abiertos. Baja hacia un lado flexionando una rodilla mientras la otra pierna se extiende recta. Sujétate de la pared o un poste para mantener el equilibrio.,Mantén el talón de la pierna que se flexiona pegado al suelo. Ve bajando más conforme ganes flexibilidad.,,,,,,,,,,,,,,https://storage.googleapis.com/glide-prod.appspot.com/uploads-v2/uH9VKQvQBIrADlb8I3em/pub/a75HdvxFmHjAVEAUStxP.jpeg,,,,,Supabase: ejercicios_biblioteca,,,
EJ050,sentadilla-normal,Sentadilla Normal,Sentadilla Normal,Sentadilla Normal,pendiente,,,,,,,Piernas (Cuádriceps) y Glúteos,N/A,,,"Pies a la anchura de los hombros. Baja la cadera como si fueras a sentarte en una silla, manteniendo la espalda recta y el peso en los talones. Sube con fuerza.",Mantén la mirada al frente y asegúrate de que tus rodillas no se cierren hacia adentro al subir y vayan en direncion a tus pies,,,,,,,,,,,,,,https://storage.googleapis.com/glide-prod.appspot.com/uploads-v2/uH9VKQvQBIrADlb8I3em/pub/WQb6lN9Qd7zdHTa521H7.png,,,,,Supabase: ejercicios_biblioteca,,,
EJ053,sentadilla-con-pausa,Sentadilla con Pausa,Sentadilla con Pausa,Sentadilla con Pausa,pendiente,,,,,,,"Cuádriceps, Glúteos",N/A,,,Realiza una sentadilla normal pero mantén la posición baja durante 3 segundos antes de subir. Mantén la espalda recta y el abdomen apretado.,La pausa elimina el impulso y obliga al músculo a trabajar más. No rebotes al subir.,,,,,,,,,,,,,,https://storage.googleapis.com/glide-prod.appspot.com/uploads-v2/uH9VKQvQBIrADlb8I3em/pub/0Fr9RjYH7tjH7OcQXb3r.png,,,,,Supabase: ejercicios_biblioteca,,,
EJ054,sentadilla-con-salto,Sentadilla con Salto,Sentadilla con Salto,Sentadilla con Salto,pendiente,,,,,,,"Cuádriceps, Glúteos, Pantorrillas",N/A,,,Realiza una sentadilla normal y al subir explota saltando lo más alto posible. Aterriza suave con las rodillas ligeramente flexionadas y repite.,Aterriza siempre con la punta de los pies primero y luego los talones. Amortigua bien cada salto.,,,,,,,,,,,,,,https://storage.googleapis.com/glide-prod.appspot.com/uploads-v2/uH9VKQvQBIrADlb8I3em/pub/vlY5EaFW7HAEEJtPSuKr.png,,,,,Supabase: ejercicios_biblioteca,,,
EJ059,zancada-búlgara-con-pausa,Zancada Búlgara con Pausa,Zancada Búlgara con Pausa,Zancada Búlgara con Pausa,pendiente,,,,,,,"Cuádriceps, Glúteos, Isquiotibiales",Silla o superficie elevada,,,Igual que la sentadilla búlgara pero mantén la posición baja durante 3 segundos antes de subir. El pie trasero apoyado en la silla.,La pausa elimina el impulso y obliga al músculo a trabajar más. Mantén la tensión constante.,,,,,,,,,,,,,,https://storage.googleapis.com/glide-prod.appspot.com/uploads-v2/uH9VKQvQBIrADlb8I3em/pub/Hiv9QyFmVVwi9NmHWsPM.png,,,,,Supabase: ejercicios_biblioteca,,,
EJ060,zancada-caminando,Zancada Caminando,Zancada Caminando,Zancada Caminando,pendiente,,,,,,,"Cuádriceps, Glúteos, Isquiotibiales",N/A,,,Da un paso largo al frente y baja la rodilla trasera casi al suelo. Empuja con la pierna delantera y avanza con la otra pierna repitiendo el movimiento.,Mantén el torso recto y la mirada al frente. Cada paso debe ser controlado sin perder el equilibrio.,,,,,,,,,,,,,,https://storage.googleapis.com/glide-prod.appspot.com/uploads-v2/uH9VKQvQBIrADlb8I3em/pub/oPNPPGHW212LLb51hCsH.jpeg,,,,,Supabase: ejercicios_biblioteca,,,
EJ061,zancada-lateral,Zancada Lateral,Zancada Lateral,Zancada Lateral,pendiente,,,,,,,"Aductores, Cuádriceps, Glúteos",N/A,,,De pie con los pies juntos. Da un paso amplio hacia un lado flexionando esa rodilla mientras la otra pierna queda extendida. Empuja para regresar al centro.,Mantén el peso en el talón de la pierna que se flexiona. No dejes que la rodilla pase la punta del pie.,,,,,,,,,,,,,,https://storage.googleapis.com/glide-prod.appspot.com/uploads-v2/uH9VKQvQBIrADlb8I3em/pub/YTH1k9tnuYl35OtlMXPb.jpeg,,,,,Supabase: ejercicios_biblioteca,,,
EJ062,zancada-reversa,Zancada Reversa,Zancada Reversa,Zancada Reversa,pendiente,,,,,,,"Cuádriceps, Glúteos, Isquiotibiales",N/A,,,De pie con los pies juntos. Da un paso largo hacia atrás con una pierna y baja la rodilla trasera casi hasta el suelo. Empuja con la pierna delantera para volver a la posición inicial.,Mantén el torso erguido y la rodilla delantera alineada con el tobillo. No dejes que la rodilla pase la punta del pie.,,,,,,,,,,,,,,https://storage.googleapis.com/glide-prod.appspot.com/uploads-v2/uH9VKQvQBIrADlb8I3em/pub/SAd3jX1AsLMNaw5AKc7c.jpeg,,,,,Supabase: ejercicios_biblioteca,,,
EJ063,zancada-con-salto-alternada,Zancada con Salto Alternada,Zancada con Salto Alternada,Zancada con Salto Alternada,pendiente,,,,,,,"Cuádriceps, Glúteos, Pantorrillas",N/A,,,En posición de zancada baja salta explosivamente intercambiando las piernas en el aire. Aterriza suave en posición de zancada con la otra pierna al frente.,Aterriza con control. Usa los brazos para impulsar el salto. Mantén el torso erguido.,,,,,,,,,,,,,,https://storage.googleapis.com/glide-prod.appspot.com/uploads-v2/uH9VKQvQBIrADlb8I3em/pub/Ac2vF84rN1HkGH8MXCBW.jpeg,,,,,Supabase: ejercicios_biblioteca,,,
EJ064,press-de-banca-con-barra,Press de Banca con Barra,Press de Banca con Barra,Press de Banca con Barra,pendiente,,,,,,,"Pectorales, Tricceps, Deltoides frontal",Banco plano + Barra,,,Acuestate en el banco plano con los pies firmes en el suelo. Agarra la barra a la anchura de los hombros. Baja la barra hasta tocar el pecho y empuja hacia arriba hasta extender los brazos.,"Retrae las escapulas y saca pecho antes de
  desenganchar la barra. No rebotes en el pecho.",,,,,,,,,,,,,,https://storage.googleapis.com/glide-prod.appspot.com/uploads-v2/uH9VKQvQBIrADlb8I3em/pub/Trawl8b2uryITKM368J9.png,,,,,Supabase: ejercicios_biblioteca,,,
EJ065,remo-con-mancuerna,Remo con Mancuerna,Remo con Mancuerna,Remo con Mancuerna,pendiente,,,,,,,"Dorsales, Romboides, Bicceps",Banco plano + Mancuerna,,,"Apoya una rodilla y una mano en el banco. Con la otra mano sujeta la
  mancuerna y tira hacia la cadera llevando el codo hacia atras. Baja con
  control.",Aprieta la espalda arriba durante 1 segundo. No gires el torso al tirar.,,,,,,,,,,,,,,https://storage.googleapis.com/glide-prod.appspot.com/uploads-v2/uH9VKQvQBIrADlb8I3em/pub/ttPtUdpRROc3Gt1UzxMr.png,,,,,Supabase: ejercicios_biblioteca,,,
EJ066,press-militar-con-mancuernas,Press Militar con Mancuernas,Press Militar con Mancuernas,Press Militar con Mancuernas,pendiente,,,,,,,"Deltoides, Triceps, Trapecio",Banco a 90° + Mancuernas,,,"Sientate en el banco con respaldo vertical. Sube las mancuernas a la
  altura de los hombros con las palmas al frente. Empuja hacia arriba hasta
  extender los brazos y baja con control.","No arquees la espalda baja. Aprieta el abdomen durante todo el
  movimiento.",,,,,,,,,,,,,,https://storage.googleapis.com/glide-prod.appspot.com/uploads-v2/uH9VKQvQBIrADlb8I3em/pub/Fq6DTDSWO938lxORjanZ.png,,,,,Supabase: ejercicios_biblioteca,,,
EJ052,sentadilla-sumo,Sentadilla Sumo,Sentadilla Sumo,Sentadilla Sumo,pendiente,,,,,,,"Aductores, Glúteos, Cuádriceps",N/A,,,Pies más abiertos que los hombros con las puntas hacia afuera. Baja la cadera manteniendo la espalda recta y las rodillas en dirección a los pies. Sube apretando glúteos.,Saca pecho y mantén el peso distribuido en toda la planta del pie. Baja hasta que los muslos queden paralelos al suelo.,,,,,,,,,,,,,,https://rhxseahupujjqhcrthpf.supabase.co/storage/v1/object/public/imagenes/ejercicios/EJ052_1784834685087.png,,,,,Supabase: ejercicios_biblioteca,,,
EJ051,sentadilla-sissy-asistida,Sentadilla Sissy Asistida,Sentadilla Sissy Asistida,Sentadilla Sissy Asistida,pendiente,,,,,,,"Cuádriceps, Recto femoral",Muro o poste para sujetarse,,,De pie sujetándote de la pared. Inclínate hacia atrás flexionando las rodillas mientras te pones de puntillas. Baja las rodillas hacia adelante y sube con control.,Mantén la cadera extendida (no te sientes). Siente el estiramiento profundo en los cuádriceps.,,,,,,,,,,,,,,https://rhxseahupujjqhcrthpf.supabase.co/storage/v1/object/public/imagenes/ejercicios/EJ051_1784834732481.png,,,,,Supabase: ejercicios_biblioteca,,,
EJ055,step-up-(en-silla-baja),Step-Up (en silla baja),Step-Up (en silla baja),Step-Up (en silla baja),pendiente,,,,,,,"Cuádriceps, Glúteos",Silla baja o escalón,,,Coloca un pie sobre la silla y empuja con esa pierna para subir todo el cuerpo. Baja con control con la otra pierna.,Empuja solo con la pierna de arriba sin impulsarte con la de abajo. Mantén el torso erguido.,,,,,,,,,,,,,,https://rhxseahupujjqhcrthpf.supabase.co/storage/v1/object/public/imagenes/ejercicios/EJ055_1784834991412.png,,,,,Supabase: ejercicios_biblioteca,,,
EJ056,step-up-alto-(en-silla),Step-Up Alto (en silla),Step-Up Alto (en silla),Step-Up Alto (en silla),pendiente,,,,,,,"Cuádriceps, Glúteos",Silla firme,,,Coloca un pie sobre una silla firme y alta. Empuja con esa pierna para subir todo el cuerpo sin impulsarte con la pierna de abajo. Baja con control.,La silla debe ser estable. Empuja solo con la pierna de arriba. Mantén el torso recto.,,,,,,,,,,,,,,https://rhxseahupujjqhcrthpf.supabase.co/storage/v1/object/public/imagenes/ejercicios/EJ056_1784835211747.png,,,,,Supabase: ejercicios_biblioteca,,,
EJ058,wall-sit-con-una-pierna,Wall Sit con Una Pierna,Wall Sit con Una Pierna,Wall Sit con Una Pierna,pendiente,,,,,,,"Cuádriceps, Glúteos, Core",Muro,,,Apoya la espalda contra la pared en posición de sentadilla a 90 grados. Levanta un pie del suelo y mantén la posición solo con una pierna.,Aprieta el cuádriceps con fuerza. Si es muy difícil empieza con ángulo mayor a 90 grados.,,,,,,,,,,,,,,https://rhxseahupujjqhcrthpf.supabase.co/storage/v1/object/public/imagenes/ejercicios/EJ058_1784835283548.png,,,,,Supabase: ejercicios_biblioteca,,,
EJ057,wall-sit-(sentadilla-en-pared),Wall Sit (sentadilla en pared),Wall Sit (sentadilla en pared),Wall Sit (sentadilla en pared),pendiente,,,,,,,"Cuádriceps, Glúteos",Muro,,,Apoya la espalda contra la pared y baja hasta que tus muslos queden paralelos al suelo formando 90 grados con las rodillas. Mantén la posición.,Empuja la espalda baja contra la pared. No apoyes las manos en los muslos.,,,,,,,,,,,,,,https://rhxseahupujjqhcrthpf.supabase.co/storage/v1/object/public/imagenes/ejercicios/EJ057_1784835317839.png,,,,,Supabase: ejercicios_biblioteca,,,
EJ068,extensión-de-triceps-en-polea,Extensión de Triceps en Polea,Extensión de Triceps en Polea,Extensión de Triceps en Polea,pendiente,,,,,,,Triceps,Polea alta + Barra recta,,,De pie frente a la polea alta. Sujeta la barra con las palmas hacia abajo. Extiende los brazos empujando hacia abajo hasta bloquear los codos. Regresa con control.,Manten los codos pegados al cuerpo y fijos. Solo mueve los antebrazos.,,,,,,,,,,,,,,https://storage.googleapis.com/glide-prod.appspot.com/uploads-v2/uH9VKQvQBIrADlb8I3em/pub/ltwfttHR0Pzvp50b1es4.png,,,,,Supabase: ejercicios_biblioteca,,,
EJ069,press-inclinado-con-mancuernas,Press Inclinado con Mancuernas,Press Inclinado con Mancuernas,Press Inclinado con Mancuernas,pendiente,,,,,,,"Pecho superior, Triceps, Deltoides frontal",Banco inclinado 30-45° + Mancuernas,,,"Acuestate en el banco inclinado. Sube las mancuernas a la altura del
  pecho con los codos abiertos. Empuja hacia arriba juntando ligeramente las
  mancuernas arriba. Baja con control.","Manten las escapulas retraidas. El angulo de 30° activa mas pecho
  superior sin sobrecargar el hombro.",,,,,,,,,,,,,,https://storage.googleapis.com/glide-prod.appspot.com/uploads-v2/uH9VKQvQBIrADlb8I3em/pub/TISKcz8i6nSSO7b9TmGe.jpeg,,,,,Supabase: ejercicios_biblioteca,,,
EJ070,jalón-al-pecho-en-polea,Jalón al Pecho en Polea,Jalón al Pecho en Polea,Jalón al Pecho en Polea,pendiente,,,,,,,"Dorsales, Biceps, Romboides",Polea alta + Barra ancha,,,"Sientate en la maquina de jalón con los muslos fijos bajo los cojines.
  Agarra la barra ancha con las palmas al frente. Tira hacia el pecho superior
  llevando los codos hacia abajo y atras.","Saca pecho al tirar. No te inclines demasiado hacia atras. Controla el
  regreso.",,,,,,,,,,,,,,https://storage.googleapis.com/glide-prod.appspot.com/uploads-v2/uH9VKQvQBIrADlb8I3em/pub/7qi78Q6MHMZ48yq9LpRP.jpeg,,,,,Supabase: ejercicios_biblioteca,,,
EJ071,elevaciones-laterales-con-mancuernas,Elevaciones Laterales con Mancuernas,Elevaciones Laterales con Mancuernas,Elevaciones Laterales con Mancuernas,pendiente,,,,,,,Deltoides lateral,Mancuernas,,,"De pie con una mancuerna en cada mano a los lados. Sube los brazos
  lateralmente hasta la altura de los hombros manteniendo una ligera flexion de
  codos. Baja con control.","Usa peso ligero y control. Imagina que viertes agua de una jarra al
  subir.",,,,,,,,,,,,,,https://storage.googleapis.com/glide-prod.appspot.com/uploads-v2/uH9VKQvQBIrADlb8I3em/pub/9Km4IXWuNy4RUXzlLX29.jpeg,,,,,Supabase: ejercicios_biblioteca,,,
EJ073,fondos-en-maquina-asistida,Fondos en Maquina Asistida,Fondos en Maquina Asistida,Fondos en Maquina Asistida,pendiente,,,,,,,"Triceps, Pecho inferior, Deltoides",Maquina de fondos asistidos,,,"Sube a la maquina y apoya las rodillas en la plataforma. Sujeta las
  barras y baja el cuerpo doblando los codos hasta 90 grados. Empuja para
  subir.","Ajusta el contrapeso segun tu nivel. Conforme ganes fuerza reduce la
  asistencia.",,,,,,,,,,,,,,https://storage.googleapis.com/glide-prod.appspot.com/uploads-v2/uH9VKQvQBIrADlb8I3em/pub/GBZ3DeHZzmb0DfY56p32.jpeg,,,,,Supabase: ejercicios_biblioteca,,,
EJ074,press-de-banca-con-mancuernas,Press de Banca con Mancuernas,Press de Banca con Mancuernas,Press de Banca con Mancuernas,pendiente,,,,,,,"Pectorales, Triceps, Deltoides frontal",Banco plano + Mancuernas,,,"Acuestate en el banco con una mancuerna en cada mano a la altura del
  pecho. Empuja hacia arriba extendiendo los brazos y baja con control hasta
  que los codos queden a 90 grados.","Las mancuernas permiten mayor rango de movimiento que la barra. Baja
  hasta sentir estiramiento en el pecho.",,,,,,,,,,,,,,https://storage.googleapis.com/glide-prod.appspot.com/uploads-v2/uH9VKQvQBIrADlb8I3em/pub/8sArvMZHBIuYotwCq67l.jpeg,,,,,Supabase: ejercicios_biblioteca,,,
EJ075,remo-en-maquina,Remo en Maquina,Remo en Maquina,Remo en Maquina,pendiente,,,,,,,"Dorsales, Romboides, Biceps",Maquina de remo sentado,,,"Sientate en la maquina con el pecho apoyado en el coji­n. Agarra las
  manijas y tira hacia atras apretando los omoplatos. Regresa con control.","Saca pecho y manten la espalda erguida. Aprieta la espalda 1 segundo al
  final.",,,,,,,,,,,,,,https://storage.googleapis.com/glide-prod.appspot.com/uploads-v2/uH9VKQvQBIrADlb8I3em/pub/Ibyeg3ac2QWMoZMH3Axe.jpeg,,,,,Supabase: ejercicios_biblioteca,,,
EJ076,press-arnold-con-mancuernas,Press Arnold con Mancuernas,Press Arnold con Mancuernas,Press Arnold con Mancuernas,pendiente,,,,,,,"Deltoides (anterior, lateral, posterior)",Banco a 90° + Mancuernas,,,"Sientate con las mancuernas frente al pecho y las palmas hacia ti. Empuja
  hacia arriba girando las palmas hacia afuera durante la subida. Regresa
  invirtiendo el giro.","El giro activa las tres cabezas del deltoides. Usa peso moderado para
  controlar el movimiento.",,,,,,,,,,,,,,https://storage.googleapis.com/glide-prod.appspot.com/uploads-v2/uH9VKQvQBIrADlb8I3em/pub/XiPekGBBQIBvzeMHtwQO.jpeg,,,,,Supabase: ejercicios_biblioteca,,,
EJ078,press-frances-con-mancuerna,Press Frances con Mancuerna,Press Frances con Mancuerna,Press Frances con Mancuerna,pendiente,,,,,,,Triceps,Banco plano + Mancuerna,,,"Acuestate en el banco con una mancuerna sujeta con ambas manos sobre la
  cabeza. Baja la mancuerna detras de la cabeza flexionando los codos. Extiende
  para subir.",Manten los codos apuntando al techo y fijos. Solo mueve los antebrazos.,,,,,,,,,,,,,,https://storage.googleapis.com/glide-prod.appspot.com/uploads-v2/uH9VKQvQBIrADlb8I3em/pub/eS5OapRQ0wFokAvLYVnO.jpeg,,,,,Supabase: ejercicios_biblioteca,,,
EJ079,sentadilla-con-barra,Sentadilla con Barra,Sentadilla con Barra,Sentadilla con Barra,pendiente,,,,,,,"Cuadriceps, Glueos, Isquiotibiales",Rack + Barra,,,"Coloca la barra sobre los trapecios. Pies a la anchura de los hombros.
  Baja flexionando rodillas y cadera como si te sentaras. Manten la espalda
  recta y sube empujando con los talones.","Mira al frente. Las rodillas van en dirección a los pies. Baja al menos
  hasta paralelo.",,,,,,,,,,,,,,https://storage.googleapis.com/glide-prod.appspot.com/uploads-v2/uH9VKQvQBIrADlb8I3em/pub/IGxAEnDNnQqzxAfnfbE0.png,,,,,Supabase: ejercicios_biblioteca,,,
EJ080,prensa-de-piernas,Prensa de Piernas,Prensa de Piernas,Prensa de Piernas,pendiente,,,,,,,"Cuadriceps, Gluteos",Maquina prensa de piernas,,,"Sientate en la maquina con los pies en la plataforma a la anchura de los
hombros. Suelta los seguros y baja la plataforma flexionando las rodillas
hasta 90 grados. Empuja para subir.","No bloquees completamente las rodillas arriba. Manten la espalda baja
  pegada al respaldo.",,,,,,,,,,,,,,https://storage.googleapis.com/glide-prod.appspot.com/uploads-v2/uH9VKQvQBIrADlb8I3em/pub/A2nY5wEmCfj2Z5tV6jui.png,,,,,Supabase: ejercicios_biblioteca,,,
EJ083,elevación-de-talones-con-barra,Elevación de Talones con Barra,Elevación de Talones con Barra,Elevación de Talones con Barra,pendiente,,,,,,,Pantorrillas (Gemelos y Soleo),Rack + Barra,,,Coloca la barra sobre los trapecios como en sentadilla. Sube los talones apretando las pantorrillas. Baja con control hasta estirar completamente.,"Haz pausa de 2 segundos arriba. Puedes poner un disco bajo los pies para
  mayor rango.",,,,,,,,,,,,,,https://storage.googleapis.com/glide-prod.appspot.com/uploads-v2/uH9VKQvQBIrADlb8I3em/pub/RJzlfghWArUedpChrlbu.png,,,,,Supabase: ejercicios_biblioteca,,,
EJ077,curl-con-barra-z,Curl con Barra Z,Curl con Barra Z,Curl con Barra Z,pendiente,,,,,,,"Biceps, Antebrazo",Barra Z,,,"De pie sujeta la barra Z con agarre supino en las curvas de la barra.
  Flexiona los codos subiendo la barra hacia los hombros. Baja con control.",La barra Z reduce la tensión en las muñecas. No balancees el cuerpo.,,,,,,,,,,,,,,https://rhxseahupujjqhcrthpf.supabase.co/storage/v1/object/public/imagenes/ejercicios/EJ077_1784831434370.png,,,,,Supabase: ejercicios_biblioteca,,,
EJ102,curl-concentrado-con-mancuerna,Curl Concentrado con Mancuerna,Curl Concentrado con Mancuerna,Curl Concentrado con Mancuerna,pendiente,,,,,,,Biceps,Banco + Mancuerna,,,"Sientate en el banco con las piernas abiertas. Apoya el codo contra la
  parte interna del muslo. Flexiona el codo subiendo la mancuerna y baja lento.","El apoyo en el muslo aisla completamente el biceps. Aprieta arriba 1
  segundo.",,,,,,,,,,,,,,https://rhxseahupujjqhcrthpf.supabase.co/storage/v1/object/public/imagenes/ejercicios/EJ102_1784831539474.png,,,,,Supabase: ejercicios_biblioteca,,,
EJ072,curl-martillo-con-mancuernas,Curl Martillo con Mancuernas,Curl Martillo con Mancuernas,Curl Martillo con Mancuernas,pendiente,,,,,,,"Biceps, Braquial, Antebrazo",Mancuernas,,,"De pie con mancuernas a los lados y palmas viendose entre si (agarre
  neutro). Flexiona los codos subiendo las mancuernas sin girar las muñecas.
  Baja con control.","Manten los codos fijos. Este agarre trabaja mas el braquial y el
  antebrazo.",,,,,,,,,,,,,,https://rhxseahupujjqhcrthpf.supabase.co/storage/v1/object/public/imagenes/ejercicios/EJ072_1784833948632.png,,,,,Supabase: ejercicios_biblioteca,,,
EJ084,peso-muerto-rumano-con-barra,Peso Muerto Rumano con Barra,Peso Muerto Rumano con Barra,Peso Muerto Rumano con Barra,pendiente,,,,,,,"Isquiotibiales, Gluteos, Espalda baja",Barra,,,"De pie con la barra frente a los muslos y agarre a la anchura de los
  hombros. Inclina el torso hacia adelante con rodillas ligeramente
  flexionadas. Baja la barra por las piernas hasta sentir estiramiento en
  isquiotibiales. Sube apretando gluteos.","Manten la barra pegada a las piernas. La espalda siempre recta. No
  redondees.",,,,,,,,,,,,,,https://storage.googleapis.com/glide-prod.appspot.com/uploads-v2/uH9VKQvQBIrADlb8I3em/pub/3B7qhCt5M4W3t6uAuJj5.jpeg,,,,,Supabase: ejercicios_biblioteca,,,
EJ085,zancada-con-mancuernas,Zancada con Mancuernas,Zancada con Mancuernas,Zancada con Mancuernas,pendiente,,,,,,,"Cuadriceps, Gluteos, Isquiotibiales",Mancuernas,,,"De pie con una mancuerna en cada mano. Da un paso al frente y baja la
  rodilla trasera casi al suelo. Empuja con la pierna delantera para volver a
  la posición inicial.","Manten el torso erguido. La rodilla delantera no debe pasar la punta del
  pie.",,,,,,,,,,,,,,https://storage.googleapis.com/glide-prod.appspot.com/uploads-v2/uH9VKQvQBIrADlb8I3em/pub/MKtAeuTpnf6zvNzWtZlT.jpeg,,,,,Supabase: ejercicios_biblioteca,,,
EJ086,hip-thrust-con-barra,Hip Thrust con Barra,Hip Thrust con Barra,Hip Thrust con Barra,pendiente,,,,,,,"Gluteos, Isquiotibiales",Banco + Barra + Pad,,,"Sientate en el suelo con la espalda alta apoyada en un banco. Coloca la
  barra con pad sobre la cadera. Empuja la cadera hacia arriba apretando los
  gluteos. Baja con control.","Aprieta los gluteos arriba 2 segundos. La barbilla al pecho para no
  hiperextender.",,,,,,,,,,,,,,https://storage.googleapis.com/glide-prod.appspot.com/uploads-v2/uH9VKQvQBIrADlb8I3em/pub/DoPd1LTzlprl1sCi9slI.jpeg,,,,,Supabase: ejercicios_biblioteca,,,
EJ087,sentadilla-goblet-con-mancuerna,Sentadilla Goblet con Mancuerna,Sentadilla Goblet con Mancuerna,Sentadilla Goblet con Mancuerna,pendiente,,,,,,,"Cuadriceps, Gluteos",Mancuerna,,,"De pie sujeta una mancuerna vertical contra el pecho con ambas manos.
  Baja en sentadilla profunda manteniendo el torso erguido. Sube empujando con
  los talones.","Los codos deben pasar por dentro de las rodillas. Excelente para aprender
  la tecnica de sentadilla.",,,,,,,,,,,,,,https://storage.googleapis.com/glide-prod.appspot.com/uploads-v2/uH9VKQvQBIrADlb8I3em/pub/l4R7TJK4Pla11fG4RB7C.jpeg,,,,,Supabase: ejercicios_biblioteca,,,
EJ088,elevación-de-talones-en-prensa,Elevación de Talones en Prensa,Elevación de Talones en Prensa,Elevación de Talones en Prensa,pendiente,,,,,,,Pantorrillas (Gemelos y Soleo),Maquina prensa de piernas,,,"Sientate en la prensa con solo las puntas de los pies en la plataforma.
  Empuja extendiendo los tobillos (puntillas) y regresa con control.",No bloquees las rodillas. Haz el rango completo estirando bien abajo.,,,,,,,,,,,,,,video,,,,,Supabase: ejercicios_biblioteca,,,
EJ089,sentadilla-frontal-con-barra,Sentadilla Frontal con Barra,Sentadilla Frontal con Barra,Sentadilla Frontal con Barra,pendiente,,,,,,,"Cuadriceps, Core, Gluteos",Rack + Barra,,,"Coloca la barra sobre los deltoides frontales con los codos altos. Baja
  en sentadilla profunda manteniendo el torso lo mas vertical posible. Sube
  empujando con fuerza.","Los codos siempre altos para que la barra no ruede. Trabaja mÃ¡s los
  cuadriceps que la sentadilla trasera.",,,,,,,,,,,,,,https://storage.googleapis.com/glide-prod.appspot.com/uploads-v2/uH9VKQvQBIrADlb8I3em/pub/pD9aYZ0qlPgsgZLY6OxS.png,,,,,Supabase: ejercicios_biblioteca,,,
EJ094,press-de-banca-inclinado-con-barra,Press de Banca Inclinado con Barra,Press de Banca Inclinado con Barra,Press de Banca Inclinado con Barra,pendiente,,,,,,,"Pecho superior, Triceps, Deltoides frontal",Banco inclinado + Barra,,,Acuéstate en banco inclinado a 30-45Â. Agarra la barra a la anchura de los hombros. Baja al pecho superior y empuja hasta extender los brazos.,"Retrae las escapulas. El angulo de 30° es ideal para pecho superior sin
  cargar demasiado el hombro.",,,,,,,,,,,,,,https://storage.googleapis.com/glide-prod.appspot.com/uploads-v2/uH9VKQvQBIrADlb8I3em/pub/xIX8OmOMgOjMmOhaLSVR.jpeg,,,,,Supabase: ejercicios_biblioteca,,,
EJ095,remo-con-barra,Remo con Barra,Remo con Barra,Remo con Barra,pendiente,,,,,,,"Dorsales, Romboides, Trapecio, Biceps",Barra,,,"De pie con las rodillas ligeramente flexionadas e inclinado a 45°. Agarra la barra con agarre prono. Tira hacia el abdomen bajo apretando la espalda.
Baja con control.",Manten la espalda recta y el core apretado. No uses impulso con las piernas.,,,,,,,,,,,,,,https://storage.googleapis.com/glide-prod.appspot.com/uploads-v2/uH9VKQvQBIrADlb8I3em/pub/M2hjMJopeXeuPTbh2io6.jpeg,,,,,Supabase: ejercicios_biblioteca,,,
EJ096,press-militar-con-barra,Press Militar con Barra,Press Militar con Barra,Press Militar con Barra,pendiente,,,,,,,"Deltoides, Triceps, Trapecio, Core",Rack + Barra,,,De pie con la barra a la altura de los hombros. Agarre a la anchura de los hombros. Empuja la barra sobre la cabeza extendiendo completamente. Baja con control al menton.,Aprieta gluteos y abdomen para estabilizar. No arquees la espalda baja.,,,,,,,,,,,,,,https://storage.googleapis.com/glide-prod.appspot.com/uploads-v2/uH9VKQvQBIrADlb8I3em/pub/sRcZGzTMmnDjv55emkBc.jpeg,,,,,Supabase: ejercicios_biblioteca,,,
EJ098,extensión-de-triceps-con-barra-z,Extensión de Triceps con Barra Z,Extensión de Triceps con Barra Z,Extensión de Triceps con Barra Z,pendiente,,,,,,,Triceps,Banco plano + Barra Z,,,"Acuestate en el banco con la barra Z sobre la cabeza y brazos extendidos.
  Baja la barra hacia la frente flexionando los codos. Extiende para subir.","Manten los codos apuntando al techo. La barra Z reduce tensión en muñecas
  vs barra recta.",,,,,,,,,,,,,,https://storage.googleapis.com/glide-prod.appspot.com/uploads-v2/uH9VKQvQBIrADlb8I3em/pub/jJ1kDGaYALNHEm3k8t20.jpeg,,,,,Supabase: ejercicios_biblioteca,,,
EJ099,press-declinado-con-mancuernas,Press Declinado con Mancuernas,Press Declinado con Mancuernas,Press Declinado con Mancuernas,pendiente,,,,,,,"Pecho inferior, Triceps",Banco declinado + Mancuernas,,,"Acuestate en banco declinado con los pies asegurados. Sube las mancuernas
  sobre el pecho y baja con los codos a 90°. Empuja hacia arriba.","El angulo declinado enfatiza el pecho inferior. No uses peso excesivo por
  la posición invertida.",,,,,,,,,,,,,,video,,,,,Supabase: ejercicios_biblioteca,,,
EJ101,elevaciones-laterales-inclinado,Elevaciones Laterales Inclinado,Elevaciones Laterales Inclinado,Elevaciones Laterales Inclinado,pendiente,,,,,,,Deltoides lateral,Banco inclinado 45° + Mancuernas,,,"Acuestate de lado en un banco inclinado. Con la mancuerna en la mano
  libre sube el brazo lateralmente hasta la altura del hombro. Baja con
  control.","La inclinación elimina el impulso y aisla mejor el deltoides lateral. Usa
  peso ligero.",,,,,,,,,,,,,,video,,,,,Supabase: ejercicios_biblioteca,,,
EJ092,aducción-en-maquina,Aducción en Maquina,Aducción en Maquina,Aducción en Maquina,pendiente,,,,,,,Aductores,Maquina de aductores,,,"Sientate en la mÃ¡quina con las piernas abiertas sobre los cojines. Junta
  las piernas apretando los aductores. Regresa con control.",Aprieta 1 segundo al juntar las piernas. Usa peso moderado y control.,,,,,,,,,,,,,,https://rhxseahupujjqhcrthpf.supabase.co/storage/v1/object/public/imagenes/ejercicios/EJ092_1784155486430.png,,,,,Supabase: ejercicios_biblioteca,,,
EJ091,curl-femoral-sentado-en-maquina,Curl Femoral Sentado en Maquina,Curl Femoral Sentado en Maquina,Curl Femoral Sentado en Maquina,pendiente,,,,,,,Isquiotibiales,Maquina curl femoral sentado,,,"Sientate en la maquina con las piernas extendidas sobre el cojin.
  Flexiona las rodillas llevando los talones hacia abajo y atras. Regresa con
  control.","Ajusta el respaldo para que las rodillas queden alineadas con el eje de
  la maquina.",,,,,,,,,,,,,,https://rhxseahupujjqhcrthpf.supabase.co/storage/v1/object/public/imagenes/ejercicios/EJ091_1784833080228.png,,,,,Supabase: ejercicios_biblioteca,,,
EJ090,step-up-con-mancuernas,Step-Up con Mancuernas,Step-Up con Mancuernas,Step-Up con Mancuernas,pendiente,,,,,,,"Cuadriceps, Gluteos",Banco o cajon + Mancuernas,,,"Con una mancuerna en cada mano sube a un banco firme con una pierna.
  Empuja solo con la pierna de arriba para subir todo el cuerpo. Baja con
  control.",No te impulses con la pierna de abajo. Manten el torso erguido.,,,,,,,,,,,,,,https://rhxseahupujjqhcrthpf.supabase.co/storage/v1/object/public/imagenes/ejercicios/EJ090_1784835050753.png,,,,,Supabase: ejercicios_biblioteca,,,
EJ100,dominadas-con-peso,Dominadas con Peso,Dominadas con Peso,Dominadas con Peso,pendiente,,,,,,,"Dorsales, Biceps, Romboides, Core",Barra de dominadas + Cinturon con disco,,,"Cuelga de la barra con disco atado al cinturan. Tira del cuerpo hacia
  arriba hasta que la barbilla pase la barra. Baja con control.","Inicia el movimiento retrayendo las escapulas. Si no puedes con peso
  empieza con tu peso corporal.",,,,,,,,,,,,,,https://rhxseahupujjqhcrthpf.supabase.co/storage/v1/object/public/imagenes/ejercicios/EJ100_1785109321261.png,,,,,Supabase: ejercicios_biblioteca,,,
EJ103,fondos-con-peso-en-paralelas,Fondos con Peso en Paralelas,Fondos con Peso en Paralelas,Fondos con Peso en Paralelas,pendiente,,,,,,,"Pecho, Triceps, Deltoides frontal",Paralelas + Cinturon con disco,,,"Sujeta las paralelas con disco atado al cinturon. Baja doblando los codos
  hasta que los hombros queden por debajo de los codos. Empuja para subir.","Inclina el torso al frente para mas pecho. Vertical para mas tricceps.
  Controla la bajada.",,,,,,,,,,,,,,video,,,,,Supabase: ejercicios_biblioteca,,,
EJ105,remo-pendlay-con-barra,Remo Pendlay con Barra,Remo Pendlay con Barra,Remo Pendlay con Barra,pendiente,,,,,,,"Dorsales, Trapecio, Romboides, Biceps",Barra,,,"Inclinate con el torso paralelo al suelo. La barra en el piso. Tira
  explosivamente hacia el abdomen y baja con control hasta el suelo en cada
  rep.","Cada repetición empieza desde el suelo. Mas explosivo que el remo normal.
  Espalda siempre recta.",,,,,,,,,,,,,,video,,,,,Supabase: ejercicios_biblioteca,,,
EJ106,face-pull-en-polea,Face Pull en Polea,Face Pull en Polea,Face Pull en Polea,pendiente,,,,,,,"Deltoides posterior, Trapecio, Romboides",Polea alta + Cuerda,,,"De pie frente a la polea alta con la cuerda a la altura de la cara. Tira
  hacia la cara abriendo los codos hacia afuera. Aprieta los omoplatos atras.","Excelente para salud del hombro y postura. Rota los puÃ±os hacia afuera
  al final del movimiento.",,,,,,,,,,,,,,video,,,,,Supabase: ejercicios_biblioteca,,,
EJ108,press-de-triceps-en-polea-con-cuerda,Press de Triceps en Polea con Cuerda,Press de Triceps en Polea con Cuerda,Press de Triceps en Polea con Cuerda,pendiente,,,,,,,Triceps,Polea alta + Cuerda,,,"De pie frente a la polea. Sujeta la cuerda y empuja hacia abajo separando
  los extremos al final del movimiento. Regresa con control.","Separa la cuerda al final para activar la cabeza lateral del triceps.
  Codos fijos al cuerpo.",,,,,,,,,,,,,,video,,,,,Supabase: ejercicios_biblioteca,,,
EJ110,peso-muerto-convencional,Peso Muerto Convencional,Peso Muerto Convencional,Peso Muerto Convencional,pendiente,,,,,,,"Isquiotibiales, Gluteos, Espalda baja, Cuadriceps",Barra + Discos,,,"De pie frente a la barra en el suelo. Agarra la barra y levantala
  extendiendo caderas y rodillas simultaneamente hasta estar de pie. Baja con
  control.","La barra siempre pegada al cuerpo. Espalda recta. Empuja el suelo con los
  pies.",,,,,,,,,,,,,,video,,,,,Supabase: ejercicios_biblioteca,,,
EJ111,prensa-de-piernas-(pies-altos),Prensa de Piernas (pies altos),Prensa de Piernas (pies altos),Prensa de Piernas (pies altos),pendiente,,,,,,,"Gluteos, Isquiotibiales, Cuadriceps",Maquina prensa de piernas,,,"Sientate en la prensa con los pies en la parte alta de la plataforma.
  Baja la plataforma flexionando las rodillas y empuja para subir.","Pies altos enfatiza gluteos e isquiotibiales. No levantes la espalda baja
  del respaldo.",,,,,,,,,,,,,,video,,,,,Supabase: ejercicios_biblioteca,,,
EJ113,elevación-de-talones-sentado-con-disco,Elevación de Talones Sentado con Disco,Elevación de Talones Sentado con Disco,Elevación de Talones Sentado con Disco,pendiente,,,,,,,"Soleo, Pantorrillas",Banco + Disco sobre rodillas,,,"Sientate en un banco con un disco sobre las rodillas. Sube los talones
  apretando los soleos. Baja completamente estirando. Pausa arriba 2 segundos.",El soleo se activa mas con rodilla flexionada. ,,,,,,,,,,,,,,video,,,,,Supabase: ejercicios_biblioteca,,,
EJ114,sentadilla-bulgara-con-mancuernas,Sentadilla Bulgara con Mancuernas,Sentadilla Bulgara con Mancuernas,Sentadilla Bulgara con Mancuernas,pendiente,,,,,,,"Cuadriceps, Gluteos, Isquiotibiales",Banco + Mancuernas,,,"Coloca el empeine trasero en un banco. Con una mancuerna en cada mano
  baja flexionando la rodilla delantera. Sube con fuerza.","Las mancuernas permiten rango natural. Manten el torso ligeramente
  inclinado para trabajo de guteo.",,,,,,,,,,,,,,video,,,,,Supabase: ejercicios_biblioteca,,,
EJ115,hip-thrust-con-barra-(pies-elevados),Hip Thrust con Barra (pies elevados),Hip Thrust con Barra (pies elevados),Hip Thrust con Barra (pies elevados),pendiente,,,,,,,"Gluteos, Isquiotibiales",Banco + Barra + Pad + Step,,,"Espalda alta en banco y pies sobre un step/cajon. Barra con pad sobre la
  cadera. Empuja la cadera arriba apretando gluteos. Baja sin tocar el suelo.","La elevación de pies aumenta el rango y la activación del gluteo. Aprieta
  arriba 2 segundos.",,,,,,,,,,,,,,video,,,,,Supabase: ejercicios_biblioteca,,,
EJ116,zancada-caminando-con-barra,Zancada Caminando con Barra,Zancada Caminando con Barra,Zancada Caminando con Barra,pendiente,,,,,,,"Cuadriceps, Gluteos, Isquiotibiales, Core",Barra,,,"Coloca la barra en los trapecios. Da pasos largos alternados hacia
  adelante bajando la rodilla trasera casi al suelo. Avanza sin detenerte.",Manten el core apretado para estabilidad. Pasos largos para mas gluteo,,,,,,,,,,,,,,video,,,,,Supabase: ejercicios_biblioteca,,,
EJ117,extensión-de-cuadriceps-unilateral,Extensión de Cuadriceps Unilateral,Extensión de Cuadriceps Unilateral,Extensión de Cuadriceps Unilateral,pendiente,,,,,,,Cuadriceps,Maquina extensión de cuadriceps,,,"Sientate en la maquina y extiende una pierna a la vez. Sube hasta
  extensión completa y baja lento (3 segundos).","El trabajo unilateral corrige desbalances entre piernas. Aprieta el
  cuadriceps arriba.",,,,,,,,,,,,,,video,,,,,Supabase: ejercicios_biblioteca,,,
EJ118,peso-muerto-sumo-con-barra,Peso Muerto Sumo con Barra,Peso Muerto Sumo con Barra,Peso Muerto Sumo con Barra,pendiente,,,,,,,"Cuadriceps, Aductores, Gluteos, Isquiotibiales",Barra + Discos,,,"De pie con los pies muy abiertos y las puntas hacia afuera. Agarra la
  barra con agarre estrecho entre las piernas. Levanta extendiendo caderas y
  rodillas.","Pecho arriba y espalda recta. El agarre sumo enfatiza mÃ¡s los aductores
  y cuadriceps.",,,,,,,,,,,,,,video,,,,,Supabase: ejercicios_biblioteca,,,
EJ119,sentadilla-hack-en-maquina,Sentadilla Hack en Maquina,Sentadilla Hack en Maquina,Sentadilla Hack en Maquina,pendiente,,,,,,,"Cuadriceps, Gluteos",Maquina hack squat,,,"Colocate en la maquina con la espalda contra el respaldo y los hombros
  bajo los cojines. Baja flexionando las rodillas y sube empujando con fuerza.","La maquina guia el movimiento y protege la espalda baja. Excelente para
  aislar cuadriceps.",,,,,,,,,,,,,,video,,,,,Supabase: ejercicios_biblioteca,,,
EJ120,peso-muerto-rumano-con-mancuernas,Peso Muerto Rumano con Mancuernas,Peso Muerto Rumano con Mancuernas,Peso Muerto Rumano con Mancuernas,pendiente,,,,,,,"Isquiotibiales, Gluteos",Mancuernas,,,"De pie con una mancuerna en cada mano frente a los muslos. Inclina el
  torso con rodillas ligeramente flexionadas. Baja las mancuernas por las
  piernas. Sube apretando gluteos.","Las mancuernas permiten un rango de movimiento mas natural que la barra.
  Espalda siempre recta.",,,,,,,,,,,,,,video,,,,,Supabase: ejercicios_biblioteca,,,
EJ121,peso-muerto-con-barra,Peso Muerto con Barra,Peso Muerto con Barra,Peso Muerto con Barra,pendiente,,,,,,,"Isquiotibiales, Glúteos, Espalda baja, Cuádriceps, Trapecio",Barra,,,De pie frente a la barra en el suelo con los pies a la anchura de la cadera. Agarra la barra con agarre prono o mixto justo por fuera de las rodillas. Empuja el suelo con los pies extendiendo caderas y rodillas simultáneamente hasta estar completamente de pie. Baja con control invirtiendo el movimiento.,La barra siempre pegada al cuerpo durante todo el recorrido. Espalda recta y pecho arriba. Activa los dorsales antes de levantar como si quisieras doblar la barra hacia ti.,,,,,,,,,,,,,,video,,,,,Supabase: ejercicios_biblioteca,,,
EJ123,elevación-de-talones-de-pie-en-maquina,Elevación de Talones de Pie en Maquina,Elevación de Talones de Pie en Maquina,Elevación de Talones de Pie en Maquina,pendiente,,,,,,,Pantorrillas (Gemelos y Soleo),Maquina de elevación de talones,,,"De pie en la maquina con los hombros bajo los cojines y las puntas de los
  pies en la plataforma. Sube los talones apretando las pantorrillas. Baja
  estirando completamente.","Pausa de 2 segundos arriba y estiramiento completo abajo. Rango completo
  es clave para pantorrillas.",,,,,,,,,,,,,,video,,,,,Supabase: ejercicios_biblioteca,,,
EJ107,curl-araña-con-barra-z,Curl Araña con Barra Z,Curl Araña con Barra Z,Curl Araña con Barra Z,pendiente,,,,,,,Biceps,Banco inclinado + Barra Z,,,"Apoya el pecho en un banco inclinado con los brazos colgando. Sujeta la
  barra Z y flexiona los codos subiendo la barra. Baja con control.","La posición elimina el impulso por completo. Maxima activación del
  biceps.",,,,,,,,,,,,,,https://rhxseahupujjqhcrthpf.supabase.co/storage/v1/object/public/imagenes/ejercicios/EJ107_1784830855052.jpg,,,,,Supabase: ejercicios_biblioteca,,,
EJ109,sentadilla-profunda-con-barra,Sentadilla Profunda con Barra,Sentadilla Profunda con Barra,Sentadilla Profunda con Barra,pendiente,,,,,,,"Cuadriceps, Gluteos, Isquiotibiales",Rack + Barra,,,"Coloca la barra en los trapecios. Baja mas alla del paralelo con control
  manteniendo la espalda recta. Sube empujando con fuerza desde los talones.","Requiere buena movilidad de tobillo y cadera. Usa zapatos con tacon o
  disco bajo los talones si es necesario.",,,,,,,,,,,,,,https://rhxseahupujjqhcrthpf.supabase.co/storage/v1/object/public/imagenes/ejercicios/EJ109_1784834819544.jpg,,,,,Supabase: ejercicios_biblioteca,,,
EJ122,curl-femoral-nordico-asistido,Curl Femoral Nordico Asistido,Curl Femoral Nordico Asistido,Curl Femoral Nordico Asistido,pendiente,,,,,,,"Isquiotibiales, Gluteos",Maquina GHR o compañero que sujete los pies,,,"Arrodillate con los pies asegurados. Baja el torso lentamente hacia el
  suelo (5 segundos) resistiendo la cai­da con los isquiotibiales. Usa las
  manos para empujarte al subir si es necesario.","Enfocate en la bajada lenta. Es el ejercicio mas efectivo para
  isquiotibiales. Progresa hasta hacerlo sin manos.",,,,,,,,,,,,,,https://rhxseahupujjqhcrthpf.supabase.co/storage/v1/object/public/imagenes/ejercicios/EJ122_1784833018801.jpg,,,,,Supabase: ejercicios_biblioteca,,,
EJ124,fondos-asistidos-en-paralelas,Fondos Asistidos en Paralelas,Fondos Asistidos en Paralelas,Fondos Asistidos en Paralelas,pendiente,,,,,,,"Triceps, Pecho inferior, Deltoides frontal",Barras Paralelas bajas,,,Sujeta las barras con los brazos extendidos y los pies apoyados en el suelo con las rodillas flexionadas. Baja el cuerpo doblando los codos hasta que los brazos formen 90 grados. Empuja con fuerza para subir.,Usa los pies solo como apoyo parcial. Conforme ganes fuerza apoya cada vez menos los pies hasta poder hacerlos sin asistencia.,,,,,,,,,,,,,,video,,,,,Supabase: ejercicios_biblioteca,,,
EJ126,retracciones-escapulares-en-barra,Retracciones escapulares en barra,Retracciones escapulares en barra,Retracciones escapulares en barra,pendiente,,,,,,,"Escápulas, dorsales, trapecio medio",Barra de dominadas,,,"Cuélgate de la barra con los codos completamente estirados. Desde ahí, baja y junta las escápulas para elevar ligeramente el cuerpo sin doblar los brazos.","Haz un movimiento corto pero limpio. Si doblas los codos, deja de ser retracción escapular.",,,,,,,,,,,,,,https://storage.googleapis.com/glide-prod.appspot.com/uploads-v2/uH9VKQvQBIrADlb8I3em/pub/UHgLfAfSkfiI1nhTWmN6.jpeg,,,,,Supabase: ejercicios_biblioteca,,,
EJ127,remo-invertido-/-australiana,Remo invertido / australiana,Remo invertido / australiana,Remo invertido / australiana,pendiente,,,,,,,"Dorsales, bíceps, romboides",Barra baja o barra de dominadas,,,Colócate debajo de la barra con el cuerpo recto y los talones apoyados. Tira del pecho hacia la barra apretando la espalda y baja con control.,"Cuanto más horizontal quede tu cuerpo, más difícil será. Ajusta la inclinación sin perder técnica.",,,,,,,,,,,,,,https://storage.googleapis.com/glide-prod.appspot.com/uploads-v2/uH9VKQvQBIrADlb8I3em/pub/Z9tqydO7EPHrGsXUTLgn.jpeg,,,,,Supabase: ejercicios_biblioteca,,,
EJ128,dominadas-negativas,Dominadas negativas,Dominadas negativas,Dominadas negativas,pendiente,,,,,,,"Dorsales, bíceps, antebrazos",Barra de dominadas + cajón o salto,,,Empieza arriba con la barbilla por encima de la barra usando un cajón o un salto. Desde ahí baja lentamente controlando todo el recorrido hasta extender los brazos.,La bajada debe ser lenta y uniforme. No te sueltes al final ni caigas de golpe.,,,,,,,,,,,,,,https://storage.googleapis.com/glide-prod.appspot.com/uploads-v2/uH9VKQvQBIrADlb8I3em/pub/8ogyHr6kuVDQ19ijq2Ow.jpeg,,,,,Supabase: ejercicios_biblioteca,,,
EJ129,isométrico-arriba,Isométrico arriba,Isométrico arriba,Isométrico arriba,pendiente,,,,,,,"Dorsales, bíceps, escápulas","Barra de dominadas + cajón o
salto",,,Colócate arriba con la barbilla por encima de la barra y mantén esa posición el tiempo indicado. Aprieta fuerte espalda y bíceps mientras sostienes el cuerpo sin perder altura.,"Mantén el pecho alto y los codos cerca del cuerpo. Si bajas demasiado, termina el intento y descansa.",,,,,,,,,,,,,,https://storage.googleapis.com/glide-prod.appspot.com/uploads-v2/uH9VKQvQBIrADlb8I3em/pub/oNxuGVrNf8TqyDD8PKHm.jpeg,,,,,Supabase: ejercicios_biblioteca,,,
SentadillaBlgaraconPausa,sentadilla-búlgara-con-pausa,Sentadilla Búlgara con Pausa,Sentadilla Búlgara con Pausa,Sentadilla Búlgara con Pausa,pendiente,,,,,,,"Cuádriceps, Glúteos, Isquiotibiales","Silla o
  superficie elevada",,,"Coloca el empeine trasero en una silla. Baja en zancada búlgara y mantén 2-3
segundos en la parte baja antes de subir con fuerza.","La pausa
  elimina el rebote y aumenta la tensión en glúteo y cuádriceps.",,,,,,,,,,,,,,,,,,,Supabase: ejercicios_biblioteca,,,
HipThrustaUnaPiernaelevado,hip-thrust-a-una-pierna-(elevado),Hip Thrust a Una Pierna (elevado),Hip Thrust a Una Pierna (elevado),Hip Thrust a Una Pierna (elevado),pendiente,,,,,,,"Glúteos, Isquiotibiales,
  Core",Silla o banco,,,Apoya la espalda alta en una silla y deja un pie en el suelo mientras la otra pierna queda extendida. Empuja la cadera hasta alinearla con el torso y baja con control.,"Mantén la cadera nivelada en
  todo momento y aprieta el glúteo 2 segundos arriba.",,,,,,,,,,,,,,,,,,,Supabase: ejercicios_biblioteca,,,
ElevacindeTalonesaUnaPiernaconPausa,elevación-de-talones-a-una-pierna-con-pausa,Elevación de Talones a Una Pierna con Pausa,Elevación de Talones a Una Pierna con Pausa,Elevación de Talones a Una Pierna con Pausa,pendiente,,,,,,,Pantorrillas (Gemelos y Sóleo),"Muro
  para equilibrio",,,"De pie sobre una pierna y con apoyo ligero en la pared, eleva el talón al máximo, mantén 2-3 segundos arriba y baja lentamente.","Haz el
  recorrido completo y evita rebotar abajo.",,,,,,,,,,,,,,,,,,,Supabase: ejercicios_biblioteca,,,
PistolSquatNegativa,pistol-squat-negativa,Pistol Squat Negativa,Pistol Squat Negativa,Pistol Squat Negativa,pendiente,,,,,,,"Cuádriceps, Glúteos, Core",Caja o apoyo bajo,,,Extiende una pierna al frente y baja en una pistol squat lo más lento posible hasta sentarte en una superficie baja o tocar controladamente.,"Haz una bajada de 4-5 segundos y
  usa las manos solo si es necesario para levantarte.",,,,,,,,,,,,,,,,,,,Supabase: ejercicios_biblioteca,,,
ZancadaBlgaraExplosiva,zancada-búlgara-explosiva,Zancada Búlgara Explosiva,Zancada Búlgara Explosiva,Zancada Búlgara Explosiva,pendiente,,,,,,,"Cuádriceps, Glúteos, Pantorrillas","Silla o
  superficie elevada",,,"Con el pie trasero elevado, baja en zancada búlgara y sube de forma explosiva.","Aterriza
  suave y mantén la rodilla alineada con el pie.",,,,,,,,,,,,,,,,,,,Supabase: ejercicios_biblioteca,,,
DominadasPronas,dominadas-pronas,Dominadas Pronas,Dominadas Pronas,Dominadas Pronas,pendiente,,,,,,,"Dorsales, Bíceps,
  Romboides, Core",Barra de dominadas,,,Cuelga de la barra con agarre prono un poco más ancho que los hombros. Tira hasta pasar la barbilla y baja con control total.,"Inicia con depresión escapular
  antes de flexionar los codos.",,,,,,,,,,,,,,,,,,,Supabase: ejercicios_biblioteca,,,
DominadasSupinas,dominadas-supinas,Dominadas Supinas,Dominadas Supinas,Dominadas Supinas,pendiente,,,,,,,"Bíceps, Dorsales, Romboides",Barra de dominadas,,,Cuelga de la barra con palmas hacia ti. Tira hasta llevar la barbilla por encima de la barra y baja con control.,"Piensa en llevar el pecho hacia
  la barra para activar mejor la espalda.",,,,,,,,,,,,,,,,,,,Supabase: ejercicios_biblioteca,,,
LSitenParalelas,l-sit-en-paralelas,L-Sit en Paralelas,L-Sit en Paralelas,L-Sit en Paralelas,pendiente,,,,,,,"Core, Flexores",Barras Paralelas de Madera Veta & Vigor,,,Core estático calisténico.,Traba rodillas y pies en punta.,,,,,,,,,,,,,,,,,,,Supabase: ejercicios_biblioteca,,,
SkaterSquat,skater-squat,Skater Squat,Skater Squat,Skater Squat,pendiente,,,,,,,"Cuádriceps, Core",Suelo (Tapete),,,Baja a una pierna intentando tocar la rodilla libre en el suelo (sobre tapete) sin apoyar el pie trasero.,Inclina un poco el torso hacia adelante para equilibrio.,,,,,,,,,,,,,,,,,,,Supabase: ejercicios_biblioteca,,,
SentadillaCosacaProfunda,sentadilla-cosaca-profunda,Sentadilla Cosaca Profunda,Sentadilla Cosaca Profunda,Sentadilla Cosaca Profunda,pendiente,,,,,,,"Aductores, Cuádriceps",Suelo,,,Abre piernas al máximo y baja hacia un lado logrando la mayor profundidad sin levantar el talón de apoyo.,Mejora tu movilidad activa.,,,,,,,,,,,,,,,,,,,Supabase: ejercicios_biblioteca,,,
PistolSquatAsistida,pistol-squat-asistida,Pistol Squat Asistida,Pistol Squat Asistida,Pistol Squat Asistida,pendiente,,,,,,,"Cuádriceps, Core",Liga o soporte,,,Baja a una pierna con asistencia necesaria de la liga para volver a subir.,"Enfócate en la tensión de la pierna que trabaja, no en los brazos que asisten.",,,,,,,,,,,,,,,,,,,Supabase: ejercicios_biblioteca,,,
RemoAustralianoExplosivo,remo-australiano-explosivo,Remo Australiano Explosivo,Remo Australiano Explosivo,Remo Australiano Explosivo,pendiente,,,,,,,Espalda,Barra baja o anillas,,,Tira explosivamente acercando la barra al pecho.,Toque explosivo.,,,,,,,,,,,,,,,,,,,Supabase: ejercicios_biblioteca,,,
EJ125,colgarse-de-la-barra-(dead-hang),Colgarse de la barra (dead hang),Colgarse de la barra (dead hang),Colgarse de la barra (dead hang),pendiente,,,,,,,"Agarre, antebrazos,
  escápulas",Barra de dominadas,,,Cuélgate de la barra con agarre firme y deja el cuerpo extendido. Mantén los hombros activos sin encogerte por completo y respira con control.,"Piensa en alejar los hombros de las orejas. El objetivo no es solo aguantar, sino crear control escapular.",,,,,,,,,,,,,,https://rhxseahupujjqhcrthpf.supabase.co/storage/v1/object/public/imagenes/ejercicios/EJ125_1784829641187.png,,,,,Supabase: ejercicios_biblioteca,,,
WallSitaUnaPierna,wall-sit-a-una-pierna,Wall Sit a Una Pierna,Wall Sit a Una Pierna,Wall Sit a Una Pierna,pendiente,,,,,,,"Cuádriceps, Glúteos, Core",Muro,,,Apoya la espalda en la pared en posición de sentadilla y extiende una pierna al frente manteniendo la otra soportando la carga.,"Aprieta
  fuerte el abdomen y no dejes que la cadera se ladee.",,,,,,,,,,,,,,https://rhxseahupujjqhcrthpf.supabase.co/storage/v1/object/public/imagenes/ejercicios/WallSitaUnaPierna_1784835110010.png,,,,,Supabase: ejercicios_biblioteca,,,
StepUpAltoExplosivo,step-up-alto-explosivo,Step-Up Alto Explosivo,Step-Up Alto Explosivo,Step-Up Alto Explosivo,pendiente,,,,,,,"Cuádriceps, Glúteos, Pantorrillas","Silla
  firme o cajón alto",,,Coloca un pie sobre una superficie alta y sube explosivamente impulsando el cuerpo hacia arriba con la pierna de apoyo. Baja con control.,"No te
  impulses con la pierna de abajo; toda la fuerza debe venir de la pierna que
  sube.",,,,,,,,,,,,,,https://rhxseahupujjqhcrthpf.supabase.co/storage/v1/object/public/imagenes/ejercicios/StepUpAltoExplosivo_1784835146781.png,,,,,Supabase: ejercicios_biblioteca,,,
PikePushupspieselevados,pike-push-ups-(pies-elevados),Pike Push-ups (pies elevados),Pike Push-ups (pies elevados),Pike Push-ups (pies elevados),pendiente,,,,,,,"Deltoides, Tríceps, Trapecio superior","Barras
  Paralelas bajas + silla",,,Coloca manos en paralelas y pies elevados en una silla. Forma una V invertida y baja la cabeza entre las manos antes de empujar arriba.,"Mantén
  la cadera alta para cargar más sobre los hombros.",,,,,,,,,,,,,,,,,,,Supabase: ejercicios_biblioteca,,,
DominadasMixtas,dominadas-mixtas,Dominadas Mixtas,Dominadas Mixtas,Dominadas Mixtas,pendiente,,,,,,,"Dorsales, Bíceps,
  Antebrazo, Core",Barra de dominadas,,,Realiza dominadas usando una mano en agarre prono y la otra en supino. Completa las repeticiones y luego cambia la posición de las manos.,"Evita rotar demasiado el torso y
  reparte la carga entre ambos brazos.",,,,,,,,,,,,,,,,,,,Supabase: ejercicios_biblioteca,,,
FlexionesenParalelasprofundas,flexiones-en-paralelas-(profundas),Flexiones en Paralelas (profundas),Flexiones en Paralelas (profundas),Flexiones en Paralelas (profundas),pendiente,,,,,,,"Pectorales, Tríceps, Deltoides","Barras
  Paralelas bajas",,,"En posición de plancha sobre paralelas, baja el pecho por debajo del nivel de
las barras para aprovechar el rango extra y luego sube con fuerza.","Controla
  especialmente la parte baja y no colapses hombros.",,,,,,,,,,,,,,,,,,,Supabase: ejercicios_biblioteca,,,
RemoAustralianoconPiesElevados,remo-australiano-con-pies-elevados,Remo Australiano con Pies Elevados,Remo Australiano con Pies Elevados,Remo Australiano con Pies Elevados,pendiente,,,,,,,"Dorsales, Bíceps, Romboides","Barra
  baja + silla",,,Haz un remo australiano con los pies elevados sobre una silla para dejar el cuerpo más horizontal. Tira el pecho a la barra y baja con control.,"Mantén
  glúteos y abdomen apretados para no perder la línea corporal.",,,,,,,,,,,,,,,,,,,Supabase: ejercicios_biblioteca,,,
HollowBodyHold,hollow-body-hold,Hollow Body Hold,Hollow Body Hold,Hollow Body Hold,pendiente,,,,,,,"Core (abdomen completo),
  Flexores de cadera",N/A,,,"Acuéstate boca arriba, despega hombros y piernas del suelo y mantén la zona lumbar pegada al piso con el cuerpo en forma de banana.","Si se despega la espalda baja,
  flexiona un poco rodillas o sube más los brazos.",,,,,,,,,,,,,,,,,,,Supabase: ejercicios_biblioteca,,,
ElevacionesLateralesconMancuernas,elevaciones-laterales-con-mancuernas,Elevaciones Laterales con Mancuernas,Elevaciones Laterales con Mancuernas,Elevaciones Laterales con Mancuernas,pendiente,,,,,,,Deltoides lateral,Mancuernas,,,"De pie, con una ligera flexión en los codos, eleva las mancuernas lateralmente hasta la altura de los hombros.",El dedo meñique debe apuntar ligeramente hacia arriba al final.,,,,,,,,,,,,,,,,,,,Supabase: ejercicios_biblioteca,,,
PrensadePiernasUnilateral,prensa-de-piernas-unilateral,Prensa de Piernas Unilateral,Prensa de Piernas Unilateral,Prensa de Piernas Unilateral,pendiente,,,,,,,"Cuádriceps, Glúteos",Máquina Prensa,,,Coloca un solo pie en la plataforma de la prensa. Baja lentamente y empuja con el talón.,Excelente para corregir desequilibrios musculares en las piernas.,,,,,,,,,,,,,,,,,,,Supabase: ejercicios_biblioteca,,,
PseudoPlanchePushups,pseudo-planche-push-ups,Pseudo Planche Push-ups,Pseudo Planche Push-ups,Pseudo Planche Push-ups,pendiente,,,,,,,"Pecho, Hombros",Suelo,,,Flexiones inclinando tu cuerpo hacia adelante para mayor carga en el hombro anterior.,Dedos apuntando hacia los lados o ligeramente atrás para cuidar la muñeca.,,,,,,,,,,,,,,,,,,,Supabase: ejercicios_biblioteca,,,
SentadillaFrontalconBarra,sentadilla-frontal-con-barra,Sentadilla Frontal con Barra,Sentadilla Frontal con Barra,Sentadilla Frontal con Barra,pendiente,,,,,,,Cuádriceps,Rack,,,Carga anterior y cuádriceps.,Codos siempre arriba.,,,,,,,,,,,,,,,,,,,Supabase: ejercicios_biblioteca,,,
PesoMuertoConvencional,peso-muerto-convencional,Peso Muerto Convencional,Peso Muerto Convencional,Peso Muerto Convencional,pendiente,,,,,,,Cadena Posterior,Barra,,,Fuerza posterior brutal.,Tensión lumbar.,,,,,,,,,,,,,,,,,,,Supabase: ejercicios_biblioteca,,,
PressArnoldconMancuernas,press-arnold-con-mancuernas,Press Arnold con Mancuernas,Press Arnold con Mancuernas,Press Arnold con Mancuernas,pendiente,,,,,,,Hombros,Banco + Mancuernas,,,Press rotativo sentado con mancuernas para desarrollar los deltoides.,Controla el movimiento durante la rotación.,,,,,,,,,,,,,,,,,,,Supabase: ejercicios_biblioteca,,,
DominadasAustralianasconPiesElevados,dominadas-australianas-con-pies-elevados,Dominadas Australianas con Pies Elevados,Dominadas Australianas con Pies Elevados,Dominadas Australianas con Pies Elevados,pendiente,,,,,,,"Espalda (Dorsales), Bíceps, Romboides","Barra
  baja + silla",,,Coloca los talones sobre una silla y cuélgate de una barra baja con el cuerpo recto. Tira del pecho a la barra y baja controlado.,"Entre
  más horizontal quede tu cuerpo, mayor dificultad.",,,,,,,,,,,,,,https://rhxseahupujjqhcrthpf.supabase.co/storage/v1/object/public/imagenes/ejercicios/DominadasAustralianasconPiesElevados_1785107922028.png,,,,,Supabase: ejercicios_biblioteca,,,
CurldeBcepsconBarraEZ,curl-de-bíceps-con-barra-ez,Curl de Bíceps con Barra EZ,Curl de Bíceps con Barra EZ,Curl de Bíceps con Barra EZ,pendiente,,,,,,,Bíceps,Barra EZ + Discos,,,"De pie, sujeta la barra EZ. Flexiona los codos llevando la barra hacia los hombros sin balancear el torso.",Mantén los codos pegados al cuerpo.,,,,,,,,,,,,,,https://rhxseahupujjqhcrthpf.supabase.co/storage/v1/object/public/imagenes/ejercicios/CurldeBcepsconBarraEZ_1784831596020.png,,,,,Supabase: ejercicios_biblioteca,,,
CurlFemoralTumbado,curl-femoral-tumbado,Curl Femoral Tumbado,Curl Femoral Tumbado,Curl Femoral Tumbado,pendiente,,,,,,,Isquiotibiales,Máquina,,,Aislamiento excéntrico para isquios.,Frena la subida.,,,,,,,,,,,,,,https://rhxseahupujjqhcrthpf.supabase.co/storage/v1/object/public/imagenes/ejercicios/CurlFemoralTumbado_1784833411201.jpg,,,,,Supabase: ejercicios_biblioteca,,,
PesoMuertoRumanoPesado,peso-muerto-rumano-pesado,Peso Muerto Rumano Pesado,Peso Muerto Rumano Pesado,Peso Muerto Rumano Pesado,pendiente,,,,,,,"Isquiotibiales, Glúteos",Barra,,,"Carga pesada, estira los isquios.","La cadera es la bisagra, no la espalda.",,,,,,,,,,,,,,,,,,,Supabase: ejercicios_biblioteca,,,
PikePushupsElevados,pike-push-ups-elevados,Pike Push-ups Elevados,Pike Push-ups Elevados,Pike Push-ups Elevados,pendiente,,,,,,,Hombros,Cajón o silla,,,Pies en alto. Baja tu cabeza en dirección al piso formando un triángulo y empuja fuerte.,Ajusta la altura de los pies para aumentar la dificultad.,,,,,,,,,,,,,,,,,,,Supabase: ejercicios_biblioteca,,,
CurlMartilloconMancuernas,curl-martillo-con-mancuernas,Curl Martillo con Mancuernas,Curl Martillo con Mancuernas,Curl Martillo con Mancuernas,pendiente,,,,,,,"Bíceps, Braquial",Mancuernas,,,Sujeta las mancuernas con agarre neutro. Flexiona los codos llevando el peso hacia los hombros.,Excelente para desarrollar el músculo braquial.,,,,,,,,,,,,,,https://rhxseahupujjqhcrthpf.supabase.co/storage/v1/object/public/imagenes/ejercicios/CurlMartilloconMancuernas_1784833957055.png,,,,,Supabase: ejercicios_biblioteca,,,
FondosenParalelasconLastre,fondos-en-paralelas-con-lastre,Fondos en Paralelas con Lastre,Fondos en Paralelas con Lastre,Fondos en Paralelas con Lastre,pendiente,,,,,,,"Pecho, Tríceps",Paralelas + Lastre,,,Fondos pesados rompiendo paralelo y subiendo con poder.,Usa un peso desafiante.,,,,,,,,,,,,,,,,,,,Supabase: ejercicios_biblioteca,,,
DominadasconLastre,dominadas-con-lastre,Dominadas con Lastre,Dominadas con Lastre,Dominadas con Lastre,pendiente,,,,,,,Espalda,Barra dominadas + Lastre,,,Añade peso a tus dominadas para hipertrofia.,Retrae escápulas al inicio.,,,,,,,,,,,,,,https://rhxseahupujjqhcrthpf.supabase.co/storage/v1/object/public/imagenes/ejercicios/DominadasconLastre_1785109836964.png,,,,,Supabase: ejercicios_biblioteca,,,
RemoconBarraPendlay,remo-con-barra-pendlay,Remo con Barra Pendlay,Remo con Barra Pendlay,Remo con Barra Pendlay,pendiente,,,,,,,Espalda media,Barra,,,Remo desde el piso.,Tirón explosivo.,,,,,,,,,,,,,,,,,,,Supabase: ejercicios_biblioteca,,,
PressInclinadoconMancuernas,press-inclinado-con-mancuernas,Press Inclinado con Mancuernas,Press Inclinado con Mancuernas,Press Inclinado con Mancuernas,pendiente,,,,,,,Pecho,Banco Inclinado,,,Pecho superior pesado.,Junta mancuernas.,,,,,,,,,,,,,,,,,,,Supabase: ejercicios_biblioteca,,,
RemoconMancuernaaUnaMano,remo-con-mancuerna-a-una-mano,Remo con Mancuerna a Una Mano,Remo con Mancuerna a Una Mano,Remo con Mancuerna a Una Mano,pendiente,,,,,,,Dorsal,Mancuernas,,,Dorsal pesado.,Siente el dorsal.,,,,,,,,,,,,,,,,,,,Supabase: ejercicios_biblioteca,,,
PressMilitarconBarra,press-militar-con-barra,Press Militar con Barra,Press Militar con Barra,Press Militar con Barra,pendiente,,,,,,,Hombros,Barra,,,Fuerza de hombros bruta.,Core bloqueado.,,,,,,,,,,,,,,,,,,,Supabase: ejercicios_biblioteca,,,
FacePullenPolea,face-pull-en-polea,Face Pull en Polea,Face Pull en Polea,Face Pull en Polea,pendiente,,,,,,,Trapecio,Polea,,,Salud de hombro posterior.,Jala a los ojos.,,,,,,,,,,,,,,,,,,,Supabase: ejercicios_biblioteca,,,
SentadillaBlgaraconMancuernas,sentadilla-búlgara-con-mancuernas,Sentadilla Búlgara con Mancuernas,Sentadilla Búlgara con Mancuernas,Sentadilla Búlgara con Mancuernas,pendiente,,,,,,,"Glúteo, Cuádriceps",Banco + Mancuernas,,,Hipertrofia de apoyo unilateral.,Baja recto como ascensor.,,,,,,,,,,,,,,,,,,,Supabase: ejercicios_biblioteca,,,
RemoPendlayconBarra,remo-pendlay-con-barra,Remo Pendlay con Barra,Remo Pendlay con Barra,Remo Pendlay con Barra,pendiente,,,,,,,Espalda completa,Barra + Discos,,,Tira de la barra desde el suelo al abdomen en cada repetición.,Tira rápido y fuerte.,,,,,,,,,,,,,,,,,,,Supabase: ejercicios_biblioteca,,,
DominadasaUnaManoNegativasAsistidas,dominadas-a-una-mano-(negativas/asistidas),Dominadas a Una Mano (Negativas/Asistidas),Dominadas a Una Mano (Negativas/Asistidas),Dominadas a Una Mano (Negativas/Asistidas),pendiente,,,,,,,Dorsal Unilateral,Barra de dominadas,,,Tracción unilateral extrema.,Baja frenando como si tu vida dependiera de ello.,,,,,,,,,,,,,,,,,,,Supabase: ejercicios_biblioteca,,,
FondosenParalelasVigorCorporal,fondos-en-paralelas-(vigor-corporal),Fondos en Paralelas (Vigor Corporal),Fondos en Paralelas (Vigor Corporal),Fondos en Paralelas (Vigor Corporal),pendiente,,,,,,,"Pecho inferior, Tríceps",Barras Paralelas,,,Sube a las paralelas y realiza fondos lentos y controlados con tu peso.,Conecta con tu pecho y tríceps en todo el rango.,,,,,,,,,,,,,,,,,,,Supabase: ejercicios_biblioteca,,,
DominadasSupinasAvanzadas,dominadas-supinas-avanzadas,Dominadas Supinas Avanzadas,Dominadas Supinas Avanzadas,Dominadas Supinas Avanzadas,pendiente,,,,,,,"Dorsales, Bíceps",Barra de dominadas,,,"Dominadas con palmas hacia ti, enfocando el trabajo en bíceps y dorsales.",Aprieta los bíceps fuerte arriba.,,,,,,,,,,,,,,,,,,,Supabase: ejercicios_biblioteca,,,
PistolSquatAsistidaNegativa,pistol-squat-asistida/negativa,Pistol Squat Asistida/Negativa,Pistol Squat Asistida/Negativa,Pistol Squat Asistida/Negativa,pendiente,,,,,,,"Cuádriceps, Glúteos, Core",Liga o soporte,,,"Realiza sentadilla a una sola pierna. Si es negativa, baja lento y sube apoyando ambas.","Control total, no te dejes caer.",,,,,,,,,,,,,,,,,,,Supabase: ejercicios_biblioteca,,,
CurlFemoralSentado,curl-femoral-sentado,Curl Femoral Sentado,Curl Femoral Sentado,Curl Femoral Sentado,pendiente,,,,,,,Isquiotibiales,Máquina Curl Sentado,,,"Sentado en la máquina, empuja el rodillo hacia abajo contrayendo los isquiotibiales.",Aprieta al máximo abajo.,,,,,,,,,,,,,,https://rhxseahupujjqhcrthpf.supabase.co/storage/v1/object/public/imagenes/ejercicios/CurlFemoralSentado_1784832850430.png,,,,,Supabase: ejercicios_biblioteca,,,
ZancadasCaminandoconMancuernas,zancadas-caminando-con-mancuernas,Zancadas Caminando con Mancuernas,Zancadas Caminando con Mancuernas,Zancadas Caminando con Mancuernas,pendiente,,,,,,,"Cuádriceps, Glúteos",Mancuernas,,,Camina dando zancadas profundas con mancuernas en las manos.,Sentirás el fuego muscular tras la fatiga previa.,,,,,,,,,,,,,,,,,,,Supabase: ejercicios_biblioteca,,,
SaltoalCajnensillafirme,salto-al-cajón-(en-silla-firme),Salto al Cajón (en silla firme),Salto al Cajón (en silla firme),Salto al Cajón (en silla firme),pendiente,,,,,,,Potencia inferior,Cajón o silla estable,,,Salta de forma explosiva al cajón y baja pisando (sin saltar) hacia atrás.,Aterriza en posición de media sentadilla en el cajón.,,,,,,,,,,,,,,,,,,,Supabase: ejercicios_biblioteca,,,
PressdeBancaPlanoconBarra,press-de-banca-plano-con-barra,Press de Banca Plano con Barra,Press de Banca Plano con Barra,Press de Banca Plano con Barra,pendiente,,,,,,,Pecho,Banco + Barra + Discos,,,Press fuerte empujando del pecho.,Bloquea bien tus codos.,,,,,,,,,,,,,,,,,,,Supabase: ejercicios_biblioteca,,,
DominadasPronasAvanzadas,dominadas-pronas-avanzadas,Dominadas Pronas Avanzadas,Dominadas Pronas Avanzadas,Dominadas Pronas Avanzadas,pendiente,,,,,,,Espalda,Barra de dominadas,,,"Dominada estricta, intentando subir el pecho a la barra.",Usa lastre si haces más de 12.,,,,,,,,,,,,,,,,,,,Supabase: ejercicios_biblioteca,,,
PesoMuertoRumanoconBarra,peso-muerto-rumano-con-barra,Peso Muerto Rumano con Barra,Peso Muerto Rumano con Barra,Peso Muerto Rumano con Barra,pendiente,,,,,,,Isquiotibiales,Barra + Discos,,,Baja sintiendo el estiramiento isquiosural.,Espalda totalmente recta.,,,,,,,,,,,,,,,,,,,Supabase: ejercicios_biblioteca,,,
FlexionesArcher,flexiones-archer,Flexiones Archer,Flexiones Archer,Flexiones Archer,pendiente,,,,,,,Pecho,Suelo,,,Flexiones desplazando el peso a un brazo a la vez.,La mano extendida asiste mínimo.,,,,,,,,,,,,,,,,,,,Supabase: ejercicios_biblioteca,,,
ZancadaconSaltoAlternada,zancada-con-salto-alternada,Zancada con Salto Alternada,Zancada con Salto Alternada,Zancada con Salto Alternada,pendiente,,,,,,,Piernas (Potencia),Suelo,,,Saltos explosivos cambiando de pierna.,Potencia pura y explosividad.,,,,,,,,,,,,,,,,,,,Supabase: ejercicios_biblioteca,,,
OneArmPushupsAsistidasPiesSeparados,one-arm-push-ups-(asistidas/pies-separados),One Arm Push-ups (Asistidas/Pies Separados),One Arm Push-ups (Asistidas/Pies Separados),One Arm Push-ups (Asistidas/Pies Separados),pendiente,,,,,,,"Pecho, Tríceps, Deltoides frontal",Suelo,,,"Posición de flexión, un brazo en la espalda. Baja y empuja controlando la rotación del torso.",Abre más los pies para mayor equilibrio al principio.,,,,,,,,,,,,,,,,,,,Supabase: ejercicios_biblioteca,,,
LSittoVSit,l-sit-to-v-sit,L-Sit to V-Sit,L-Sit to V-Sit,L-Sit to V-Sit,pendiente,,,,,,,"Core, Flexores de cadera, Tríceps",Barras Paralelas de Madera Veta & Vigor,,,"En las paralelas, levanta las piernas a 90 grados y luego empuja la cadera hacia adelante elevando los pies hacia la cara.",Traba los codos y empuja las paralelas hacia abajo con furia.,,,,,,,,,,,,,,,,,,,Supabase: ejercicios_biblioteca,,,
FrontLeverPullupsoprogresiones,front-lever-pull-ups-(o-progresiones),Front Lever Pull-ups (o progresiones),Front Lever Pull-ups (o progresiones),Front Lever Pull-ups (o progresiones),pendiente,,,,,,,"Dorsales, Bíceps, Core",Barra de dominadas,,,"Desde la posición de Front Lever (o Tuck), tira de tu cuerpo hacia la barra doblando los brazos.","Si es muy difícil, hazlo en posición Tuck (rodillas al pecho).",,,,,,,,,,,,,,,,,,,Supabase: ejercicios_biblioteca,,,
FlexionesArcherExplosivas,flexiones-archer-explosivas,Flexiones Archer Explosivas,Flexiones Archer Explosivas,Flexiones Archer Explosivas,pendiente,,,,,,,"Pecho, Tríceps, Potencia",Suelo,,,"Desplaza tu peso hacia un brazo, baja y empuja con tanta fuerza que las manos se despeguen del suelo al subir.",La explosividad recluta fibras de contracción rápida esenciales en maestría.,,,,,,,,,,,,,,,,,,,Supabase: ejercicios_biblioteca,,,
BackLeverHold,back-lever-hold,Back Lever Hold,Back Lever Hold,Back Lever Hold,pendiente,,,,,,,"Pecho, Bíceps, Core",Barra de dominadas,,,Cuelga de la barra y gira hacia atrás hasta que el cuerpo quede paralelo al suelo boca abajo. Sostén.,Mantén la rotación externa de los hombros y aprieta el pecho.,,,,,,,,,,,,,,,,,,,Supabase: ejercicios_biblioteca,,,
StraddlePlancheLeans,straddle-planche-leans,Straddle Planche Leans,Straddle Planche Leans,Straddle Planche Leans,pendiente,,,,,,,"Hombros (Anterior), Core",Suelo o Paralelas de Madera,,,"Piernas abiertas, inclina tu cuerpo hacia adelante lo máximo posible con los codos bloqueados.",Dedos apuntando hacia afuera o atrás. Protracción escapular total.,,,,,,,,,,,,,,,,,,,Supabase: ejercicios_biblioteca,,,
FondosImposiblesImpossibleDipsprogresiones,fondos-imposibles-(impossible-dips-progresiones),Fondos Imposibles (Impossible Dips progresiones),Fondos Imposibles (Impossible Dips progresiones),Fondos Imposibles (Impossible Dips progresiones),pendiente,,,,,,,Tríceps (Aislamiento extremo),Barras Paralelas de Madera Veta & Vigor,,,"Baja en las paralelas apoyando los codos hacia atrás hasta quedar sobre los antebrazos, y empuja de regreso.","Es puro tríceps, ajusta el apalancamiento deslizando los hombros.",,,,,,,,,,,,,,,,,,,Supabase: ejercicios_biblioteca,,,
HandstandPushupsEstrictas,handstand-push-ups-estrictas,Handstand Push-ups Estrictas,Handstand Push-ups Estrictas,Handstand Push-ups Estrictas,pendiente,,,,,,,Hombros,Pared o libre,,,Flexiones verticales de pino.,Aprieta glúteos en el Handstand.,,,,,,,,,,,,,,,,,,,Supabase: ejercicios_biblioteca,,,
PesoMuertoRumano,peso-muerto-rumano,Peso Muerto Rumano,Peso Muerto Rumano,Peso Muerto Rumano,pendiente,,,,,,,Isquios,Barra,,,Estiramiento isquio bajo carga.,Mantén la espalda bloqueada.,,,,,,,,,,,,,,,,,,,Supabase: ejercicios_biblioteca,,,
SentadillaProfundaconBarra,sentadilla-profunda-con-barra,Sentadilla Profunda con Barra,Sentadilla Profunda con Barra,Sentadilla Profunda con Barra,pendiente,,,,,,,Cuádriceps,Rack,,,La sentadilla base.,Pura maestría combinada.,,,,,,,,,,,,,,,,,,,Supabase: ejercicios_biblioteca,,,
FrontLeverHold,front-lever-hold,Front Lever Hold,Front Lever Hold,Front Lever Hold,pendiente,,,,,,,Core,Barra de dominadas,,,Tensión de core y espalda.,Retracción.,,,,,,,,,,,,,,,,,,,Supabase: ejercicios_biblioteca,,,
ExtensindeCudriceps,extensión-de-cuádriceps,Extensión de Cuádriceps,Extensión de Cuádriceps,Extensión de Cuádriceps,pendiente,,,,,,,Cuádriceps,Máquina,,,Isla el cuádriceps al final.,Aprieta fuerte al extender.,,,,,,,,,,,,,,,,,,,Supabase: ejercicios_biblioteca,,,
CurlNrdicoAsistido,curl-nórdico-asistido,Curl Nórdico Asistido,Curl Nórdico Asistido,Curl Nórdico Asistido,pendiente,,,,,,,Isquiotibiales,Barra baja + Liga,,,Engancha los pies y baja el cuerpo lentamente. Usa la liga para regresar o empújate levemente con las manos.,La fase excéntrica es oro para los isquios.,,,,,,,,,,,,,,https://rhxseahupujjqhcrthpf.supabase.co/storage/v1/object/public/imagenes/ejercicios/CurlNrdicoAsistido_1784833994067.png,,,,,Supabase: ejercicios_biblioteca,,,
DominadasExplosivasalEstmago,dominadas-explosivas-al-estómago,Dominadas Explosivas al Estómago,Dominadas Explosivas al Estómago,Dominadas Explosivas al Estómago,pendiente,,,,,,,Dorsales (Potencia),Barra de dominadas,,,Tira de la barra con máxima explosividad intentando que la barra toque tu ombligo.,El tirón debe ser brutalmente rápido.,,,,,,,,,,,,,,https://rhxseahupujjqhcrthpf.supabase.co/storage/v1/object/public/imagenes/ejercicios/DominadasExplosivasalEstmago_1785110201817.jpg,,,,,Supabase: ejercicios_biblioteca,,,
HipThrustconBarra,hip-thrust-con-barra,Hip Thrust con Barra,Hip Thrust con Barra,Hip Thrust con Barra,pendiente,,,,,,,Glúteo,Barra + Banco,,,Glúteo pesado.,Máximo apretón.,,,,,,,,,,,,,,,,,,,Supabase: ejercicios_biblioteca,,,
TuckPlanchePushups,tuck-planche-push-ups,Tuck Planche Push-ups,Tuck Planche Push-ups,Tuck Planche Push-ups,pendiente,,,,,,,"Pecho, Hombro Frontal",Barras Paralelas de Madera Veta & Vigor,,,Empuje horizontal biomecánico avanzado.,Inclina el peso hacia el frente todo el tiempo.,,,,,,,,,,,,,,,,,,,Supabase: ejercicios_biblioteca,,,
BuenosDasGoodMornings,buenos-días-(good-mornings),Buenos Días (Good Mornings),Buenos Días (Good Mornings),Buenos Días (Good Mornings),pendiente,,,,,,,"Espalda baja, Isquios",Barra,,,Inclinación frontal con barra en la espalda.,Mantén los lumbares firmes.,,,,,,,,,,,,,,https://rhxseahupujjqhcrthpf.supabase.co/storage/v1/object/public/imagenes/ejercicios/BuenosDasGoodMornings_1784830652552.png,,,,,Supabase: ejercicios_biblioteca,,,
HumanFlagProgresionesHolds,human-flag-(progresiones/holds),Human Flag (Progresiones/Holds),Human Flag (Progresiones/Holds),Human Flag (Progresiones/Holds),pendiente,,,,,,,"Oblicuos, Dorsales, Hombros",Poste vertical,,,"Sujeta un poste vertical, una mano arriba tirando y la otra abajo empujando. Eleva el cuerpo horizontal.","La mano inferior es la clave, empuja el poste como si quisieras tirarlo.",,,,,,,,,,,,,,,,,,,Supabase: ejercicios_biblioteca,,,
HandstandHold,handstand-hold,Handstand Hold,Handstand Hold,Handstand Hold,pendiente,,,,,,,"Core, Hombros, Equilibrio",Suelo,,,Párate de manos libre sin pared y busca el equilibrio absoluto.,"Alinea muñecas, codos, hombros y caderas en una sola línea.",,,,,,,,,,,,,,,,,,,Supabase: ejercicios_biblioteca,,,
SaltoLongitudaUnaPierna,salto-longitud-a-una-pierna,Salto Longitud a Una Pierna,Salto Longitud a Una Pierna,Salto Longitud a Una Pierna,pendiente,,,,,,,"Potencia, Estabilidad rodilla",Suelo,,,"A la pata coja, salta lo más lejos que puedas y aterriza estabilizando sobre la misma pierna.",Congela el aterrizaje 1 segundo para entrenar los estabilizadores de rodilla.,,,,,,,,,,,,,,,,,,,Supabase: ejercicios_biblioteca,,,
DragonPistolSquatprogresin,dragon-pistol-squat-(progresión),Dragon Pistol Squat (progresión),Dragon Pistol Squat (progresión),Dragon Pistol Squat (progresión),pendiente,,,,,,,"Cuádriceps, Movilidad cadera",Suelo,,,Pistol squat donde la pierna libre cruza por detrás de la pierna de apoyo.,"Requiere movilidad extrema de cadera, baja hasta donde controles.",,,,,,,,,,,,,,,,,,,Supabase: ejercicios_biblioteca,,,
ElevacindeTalnaUnaPiernaconDficit,elevación-de-talón-a-una-pierna-con-déficit,Elevación de Talón a Una Pierna con Déficit,Elevación de Talón a Una Pierna con Déficit,Elevación de Talón a Una Pierna con Déficit,pendiente,,,,,,,Pantorrillas (Gemelos),Escalón o cajón,,,"Sobre un escalón, baja el talón al máximo para estirar, pausa 2 seg, y sube explosivo.","Rango de movimiento completo, quema total en el gemelo.",,,,,,,,,,,,,,,,,,,Supabase: ejercicios_biblioteca,,,
GluteHamRaiseensuelo,glute-ham-raise-(en-suelo),Glute Ham Raise (en suelo),Glute Ham Raise (en suelo),Glute Ham Raise (en suelo),pendiente,,,,,,,"Isquiotibiales, Glúteos",Soporte pies,,,"Baja el torso pivoteando sobre las rodillas, empuja y tira fuerte con los isquios y glúteos para volver.",Mantén las caderas extendidas para forzar el isquio a trabajar.,,,,,,,,,,,,,,,,,,,Supabase: ejercicios_biblioteca,,,
WallSitaUnaPiernaLastradoExtremo,wall-sit-a-una-pierna-(lastrado/extremo),Wall Sit a Una Pierna (Lastrado/Extremo),Wall Sit a Una Pierna (Lastrado/Extremo),Wall Sit a Una Pierna (Lastrado/Extremo),pendiente,,,,,,,Cuádriceps (Isometría),Pared,,,"Apoya la espalda en la pared, a 90 grados, levanta una pierna y sostén.","Aguanta el ardor, es puro trabajo isométrico.",,,,,,,,,,,,,,,,,,,Supabase: ejercicios_biblioteca,,,
SkaterSquatconDficit,skater-squat-con-déficit,Skater Squat con Déficit,Skater Squat con Déficit,Skater Squat con Déficit,pendiente,,,,,,,"Cuádriceps, Glúteos",Cajón o bloque de madera,,,"Realiza Skater Squat sobre un bloque, permitiendo que la rodilla libre baje más allá del pie de apoyo.",El déficit aumenta brutalmente el rango de movimiento del cuádriceps.,,,,,,,,,,,,,,,,,,,Supabase: ejercicios_biblioteca,,,
ElevacindeTalnExplosivarebote,elevación-de-talón-explosiva-(rebote),Elevación de Talón Explosiva (rebote),Elevación de Talón Explosiva (rebote),Elevación de Talón Explosiva (rebote),pendiente,,,,,,,"Tendón de Aquiles, Gemelos",Suelo o escalón,,,"Sube rápidamente los talones, baja y rebota inmediatamente como un muelle.",Entrena la reactividad del tendón de Aquiles.,,,,,,,,,,,,,,,,,,,Supabase: ejercicios_biblioteca,,,
ShrimpSquatAvanzada,shrimp-squat-avanzada,Shrimp Squat Avanzada,Shrimp Squat Avanzada,Shrimp Squat Avanzada,pendiente,,,,,,,Cuádriceps,Suelo,,,Trabajo unilateral técnico.,Usa colchón para la rodilla trasera.,,,,,,,,,,,,,,,,,,,Supabase: ejercicios_biblioteca,,,
SaltoalCajnPliomtricoaUnaPierna,salto-al-cajón-pliométrico-a-una-pierna,Salto al Cajón Pliométrico a Una Pierna,Salto al Cajón Pliométrico a Una Pierna,Salto al Cajón Pliométrico a Una Pierna,pendiente,,,,,,,Potencia,Cajón alto,,,Reactividad post-fatiga.,Baja del cajón con los dos pies.,,,,,,,,,,,,,,,,,,,Supabase: ejercicios_biblioteca,,,
DragonPistolSquat,dragon-pistol-squat,Dragon Pistol Squat,Dragon Pistol Squat,Dragon Pistol Squat,pendiente,,,,,,,Cuádriceps,Suelo,,,Sentadilla unilateral cruzada.,Movilidad de cadera.,,,,,,,,,,,,,,,,,,,Supabase: ejercicios_biblioteca,,,
LSittoHandstandoprogresiones,l-sit-to-handstand-(o-progresiones),L-Sit to Handstand (o progresiones),L-Sit to Handstand (o progresiones),L-Sit to Handstand (o progresiones),pendiente,,,,,,,"Hombros, Core, Tríceps",Barras Paralelas de Madera Veta & Vigor,,,Empuje desde escuadra a vertical.,Flujo motriz avanzado.,,,,,,,,,,,,,,,,,,,Supabase: ejercicios_biblioteca,,,
PressdeBancaPlanoconBarraPesado,press-de-banca-plano-con-barra-(pesado),Press de Banca Plano con Barra (Pesado),Press de Banca Plano con Barra (Pesado),Press de Banca Plano con Barra (Pesado),pendiente,,,,,,,"Pecho, Fuerza Máxima",Banco + Barra,,,Fuerza máxima. Levanta explosivo.,Aplica leg drive constante.,,,,,,,,,,,,,,,,,,,Supabase: ejercicios_biblioteca,,,
PressMilitarEstrictoconBarra,press-militar-estricto-con-barra,Press Militar Estricto con Barra,Press Militar Estricto con Barra,Press Militar Estricto con Barra,pendiente,,,,,,,Hombros (Empuje pesado),Barra + Discos,,,Empuje vertical estricto sin impulso de piernas.,Mete la cabeza bajo la barra al subir.,,,,,,,,,,,,,,,,,,,Supabase: ejercicios_biblioteca,,,
PressInclinadoconMancuernasPesadas,press-inclinado-con-mancuernas-pesadas,Press Inclinado con Mancuernas Pesadas,Press Inclinado con Mancuernas Pesadas,Press Inclinado con Mancuernas Pesadas,pendiente,,,,,,,Pecho Superior,Banco Inclinado,,,Empuje inclinado con rango completo.,Pausa abajo para estirar.,,,,,,,,,,,,,,,,,,,Supabase: ejercicios_biblioteca,,,
RemoconMancuernaPesadaaUnaMano,remo-con-mancuerna-pesada-a-una-mano,Remo con Mancuerna Pesada a Una Mano,Remo con Mancuerna Pesada a Una Mano,Remo con Mancuerna Pesada a Una Mano,pendiente,,,,,,,Dorsales,Banco plano,,,Tirón unilateral pesado apoyado en banco.,Siente el dorsal jalando.,,,,,,,,,,,,,,,,,,,Supabase: ejercicios_biblioteca,,,
PressArnold,press-arnold,Press Arnold,Press Arnold,Press Arnold,pendiente,,,,,,,Deltoides total,Banco,,,Press rotacional sentado.,Baja hasta las clavículas.,,,,,,,,,,,,,,,,,,,Supabase: ejercicios_biblioteca,,,
PressFrancsconBarraEZPesado,press-francés-con-barra-ez-(pesado),Press Francés con Barra EZ (Pesado),Press Francés con Barra EZ (Pesado),Press Francés con Barra EZ (Pesado),pendiente,,,,,,,Tríceps (Cabeza larga),Banco + Barra EZ,,,Extensión de tríceps tumbado.,Lleva la barra a la frente.,,,,,,,,,,,,,,,,,,,Supabase: ejercicios_biblioteca,,,
RemoconBarraPendlayPesado,remo-con-barra-pendlay-(pesado),Remo con Barra Pendlay (Pesado),Remo con Barra Pendlay (Pesado),Remo con Barra Pendlay (Pesado),pendiente,,,,,,,Espalda (Potencia),Barra,,,Fuerza de tracción explosiva.,Tira desde el piso en cada rep.,,,,,,,,,,,,,,,,,,,Supabase: ejercicios_biblioteca,,,
OneArmPushups,one-arm-push-ups,One Arm Push-ups,One Arm Push-ups,One Arm Push-ups,pendiente,,,,,,,"Pecho, Tríceps, Core",Suelo,,,Empuje asimétrico calisténico.,Baja abriendo las piernas si cuesta.,,,,,,,,,,,,,,,,,,,Supabase: ejercicios_biblioteca,,,
HumanFlagHolds,human-flag-(holds),Human Flag (Holds),Human Flag (Holds),Human Flag (Holds),pendiente,,,,,,,Core lateral,Poste vertical,,,Isometría oblicua.,El brazo de abajo empuja a muerte.,,,,,,,,,,,,,,,,,,,Supabase: ejercicios_biblioteca,,,
PistolSquatLibreEstricta,pistol-squat-libre-estricta,Pistol Squat Libre Estricta,Pistol Squat Libre Estricta,Pistol Squat Libre Estricta,pendiente,,,,,,,"Cuádriceps, Equilibrio",Suelo,,,Sentadilla unilateral de alta demanda técnica.,"Tras la barra, tu CNS estará fatigado, mantén la concentración.",,,,,,,,,,,,,,,,,,,Supabase: ejercicios_biblioteca,,,
FrontLeverPullups,front-lever-pull-ups,Front Lever Pull-ups,Front Lever Pull-ups,Front Lever Pull-ups,pendiente,,,,,,,Dorsales,Barra de dominadas,,,Dominada horizontal calisténica.,Fuerza de palanca.,,,,,,,,,,,,,,,,,,,Supabase: ejercicios_biblioteca,,,
PistolSquatconSalto,pistol-squat-con-salto,Pistol Squat con Salto,Pistol Squat con Salto,Pistol Squat con Salto,pendiente,,,,,,,Potencia,Suelo,,,Potencia unilateral pura.,Aterrizaje controlado.,,,,,,,,,,,,,,,,,,,Supabase: ejercicios_biblioteca,,,
PistolSquatLibre,pistol-squat-libre,Pistol Squat Libre,Pistol Squat Libre,Pistol Squat Libre,pendiente,,,,,,,Pierna unilateral,Suelo,,,Fuerza unilateral de pierna.,Postura sólida.,,,,,,,,,,,,,,,,,,,Supabase: ejercicios_biblioteca,,,
SaltoalCajnaUnaPierna,salto-al-cajón-a-una-pierna,Salto al Cajón a Una Pierna,Salto al Cajón a Una Pierna,Salto al Cajón a Una Pierna,pendiente,,,,,,,Potencia,Cajón,,,Potencia unilateral.,Amortigua bien.,,,,,,,,,,,,,,,,,,,Supabase: ejercicios_biblioteca,,,
FondosenParalelasLastrados,fondos-en-paralelas-lastrados,Fondos en Paralelas Lastrados,Fondos en Paralelas Lastrados,Fondos en Paralelas Lastrados,pendiente,,,,,,,Pecho,Barras Paralelas + Lastre,,,Empuje profundo en tus paralelas V&V.,Inclinación pectoral.,,,,,,,,,,,,,,,,,,,Supabase: ejercicios_biblioteca,,,
SissySquatLibreProfunda,sissy-squat-libre-profunda,Sissy Squat Libre Profunda,Sissy Squat Libre Profunda,Sissy Squat Libre Profunda,pendiente,,,,,,,Cuádriceps (Recto femoral),Soporte vertical para agarrar (opcional),,,"Inclínate hacia atrás sobre las puntas de los pies, bajando las rodillas hacia adelante al ras del piso.","Mantén la alineación hombros-cadera-rodillas, no te ""sientes"" hacia atrás.",,,,,,,,,,,,,,https://rhxseahupujjqhcrthpf.supabase.co/storage/v1/object/public/imagenes/ejercicios/SissySquatLibreProfunda_1784834576428.png,,,,,Supabase: ejercicios_biblioteca,,,
BroadJumpsSaltosderanacontinuos,broad-jumps-(saltos-de-rana-continuos),Broad Jumps (Saltos de rana continuos),Broad Jumps (Saltos de rana continuos),Broad Jumps (Saltos de rana continuos),pendiente,,,,,,,Potencia global,Suelo,,,Encadena saltos hacia adelante buscando máxima distancia sin frenar el impulso.,Usa los brazos para balancear y generar inercia.,,,,,,,,,,,,,,https://rhxseahupujjqhcrthpf.supabase.co/storage/v1/object/public/imagenes/ejercicios/BroadJumpsSaltosderanacontinuos_1784830355778.png,,,,,Supabase: ejercicios_biblioteca,,,
CurldeBcepsconBarraRectaCheatCurlestrict,curl-de-bíceps-con-barra-recta-(cheat-curl-estricto),Curl de Bíceps con Barra Recta (Cheat Curl estricto),Curl de Bíceps con Barra Recta (Cheat Curl estricto),Curl de Bíceps con Barra Recta (Cheat Curl estricto),pendiente,,,,,,,Bíceps (Sobrecarga),Barra Recta,,,"Curl pesado, ligero balanceo controlado.",La fase excéntrica debe ser lenta.,,,,,,,,,,,,,,https://rhxseahupujjqhcrthpf.supabase.co/storage/v1/object/public/imagenes/ejercicios/CurldeBcepsconBarraRectaCheatCurlestrict_1784832323596.png,,,,,Supabase: ejercicios_biblioteca,,,
CurlNrdicoCompleto,curl-nórdico-completo,Curl Nórdico Completo,Curl Nórdico Completo,Curl Nórdico Completo,pendiente,,,,,,,Isquiotibiales,Soporte pies,,,Isquios en tensión extrema.,Frena lento.,,,,,,,,,,,,,,https://rhxseahupujjqhcrthpf.supabase.co/storage/v1/object/public/imagenes/ejercicios/CurlNrdicoCompleto_1784834438540.png,,,,,Supabase: ejercicios_biblioteca,,,
SissySquatLibre,sissy-squat-libre,Sissy Squat Libre,Sissy Squat Libre,Sissy Squat Libre,pendiente,,,,,,,Cuádriceps,Suelo,,,Sentadilla enfocada al recto femoral.,Rodillas sanas.,,,,,,,,,,,,,,https://rhxseahupujjqhcrthpf.supabase.co/storage/v1/object/public/imagenes/ejercicios/SissySquatLibre_1784834619321.png,,,,,Supabase: ejercicios_biblioteca,,,
PressdeBancaconPausaLarga,press-de-banca-con-pausa-larga,Press de Banca con Pausa Larga,Press de Banca con Pausa Larga,Press de Banca con Pausa Larga,pendiente,,,,,,,"Pecho, Potencia desde parado",Banco plano,,,Pausa de 3 segundos en el pecho y explota.,Elimina el reflejo de estiramiento.,,,,,,,,,,,,,,,,,,,Supabase: ejercicios_biblioteca,,,
DominadasSupinasconLastre,dominadas-supinas-con-lastre,Dominadas Supinas con Lastre,Dominadas Supinas con Lastre,Dominadas Supinas con Lastre,pendiente,,,,,,,"Dorsales, Bíceps",Cinturón Lastre,,,Dominadas agarre inverso pesado.,Activa el bíceps y dorsal inferior.,,,,,,,,,,,,,,,,,,,Supabase: ejercicios_biblioteca,,,
FacePullPesado,face-pull-pesado,Face Pull Pesado,Face Pull Pesado,Face Pull Pesado,pendiente,,,,,,,"Trapecio, Deltoides posterior",Polea,,,Tirón a la cara aislando el trapecio/posterior.,Junta escápulas al máximo.,,,,,,,,,,,,,,,,,,,Supabase: ejercicios_biblioteca,,,
ElevacionesLateralesPesadasParciales,elevaciones-laterales-pesadas-(parciales),Elevaciones Laterales Pesadas (Parciales),Elevaciones Laterales Pesadas (Parciales),Elevaciones Laterales Pesadas (Parciales),pendiente,,,,,,,Deltoides lateral,Mancuernas,,,Laterales con mucho peso (rango de movimiento parcial).,Construye la anchura de los hombros.,,,,,,,,,,,,,,,,,,,Supabase: ejercicios_biblioteca,,,
PrensadePiernasInclinada,prensa-de-piernas-inclinada,Prensa de Piernas Inclinada,Prensa de Piernas Inclinada,Prensa de Piernas Inclinada,pendiente,,,,,,,Piernas Global,Máquina Prensa,,,Carga máxima en prensa.,No bloquees las rodillas arriba.,,,,,,,,,,,,,,,,,,,Supabase: ejercicios_biblioteca,,,
ElevacindeTalonesdePie,elevación-de-talones-de-pie,Elevación de Talones de Pie,Elevación de Talones de Pie,Elevación de Talones de Pie,pendiente,,,,,,,Gemelos,Máquina,,,Talones con peso máximo.,Pausa activa arriba y abajo.,,,,,,,,,,,,,,,,,,,Supabase: ejercicios_biblioteca,,,
PesoMuertoConvencionalSumoPesado,peso-muerto-convencional/sumo-(pesado),Peso Muerto Convencional/Sumo (Pesado),Peso Muerto Convencional/Sumo (Pesado),Peso Muerto Convencional/Sumo (Pesado),pendiente,,,,,,,Cadena Posterior Global,Barra + Discos,,,Levanta desde el suelo con técnica impecable.,Tira de la barra hacia ti antes de levantar (sacar el slack).,,,,,,,,,,,,,,,,,,,Supabase: ejercicios_biblioteca,,,
SentadillaBlgaraconBarraMancuernasPesadas,sentadilla-búlgara-con-barra/mancuernas-pesadas,Sentadilla Búlgara con Barra/Mancuernas Pesadas,Sentadilla Búlgara con Barra/Mancuernas Pesadas,Sentadilla Búlgara con Barra/Mancuernas Pesadas,pendiente,,,,,,,Cuádriceps unilateral,Banco + Barra/Manc.,,,Trabajo unilateral pesado apoyado atrás.,Busca la fatiga máxima del cuádriceps.,,,,,,,,,,,,,,,,,,,Supabase: ejercicios_biblioteca,,,
ElevacindeTalonesSentado,elevación-de-talones-sentado,Elevación de Talones Sentado,Elevación de Talones Sentado,Elevación de Talones Sentado,pendiente,,,,,,,Sóleo,Máquina,,,Sóleo aislado.,Movimiento completo.,,,,,,,,,,,,,,,,,,,Supabase: ejercicios_biblioteca,,,
SentadillaPausadaPinSquats,sentadilla-pausada-(pin-squats),Sentadilla Pausada (Pin Squats),Sentadilla Pausada (Pin Squats),Sentadilla Pausada (Pin Squats),pendiente,,,,,,,"Fuerza de arranque, Cuádriceps",Rack con seguros,,,"Baja, apoya la barra en los pines 2 segundos y sube sin inercia.","Elimina el impulso, pura fuerza desde cero.",,,,,,,,,,,,,,,,,,,Supabase: ejercicios_biblioteca,,,
ZancadasCaminandoPesadas,zancadas-caminando-pesadas,Zancadas Caminando Pesadas,Zancadas Caminando Pesadas,Zancadas Caminando Pesadas,pendiente,,,,,,,Piernas Global,Mancuernas,,,Zancadas largas con mancuernas pesadas.,Muerte metabólica y mecánica.,,,,,,,,,,,,,,,,,,,Supabase: ejercicios_biblioteca,,,
SaltosPliomtricosalCajnconLastreLigero,saltos-pliométricos-al-cajón-con-lastre-ligero,Saltos Pliométricos al Cajón con Lastre Ligero,Saltos Pliométricos al Cajón con Lastre Ligero,Saltos Pliométricos al Cajón con Lastre Ligero,pendiente,,,,,,,Potencia,Cajón + Chaleco,,,Salto reactivo con un poco de lastre.,Agilidad tras carga pesada.,,,,,,,,,,,,,,,,,,,Supabase: ejercicios_biblioteca,,,
FondosenParalelasPesados,fondos-en-paralelas-pesados,Fondos en Paralelas Pesados,Fondos en Paralelas Pesados,Fondos en Paralelas Pesados,pendiente,,,,,,,Pecho inferior,Paralelas,,,Fondo lastrado avanzado.,Inclinación frontal.,,,,,,,,,,,,,,,,,,,Supabase: ejercicios_biblioteca,,,
SentadillaFrontal,sentadilla-frontal,Sentadilla Frontal,Sentadilla Frontal,Sentadilla Frontal,pendiente,,,,,,,Cuádriceps,Rack,,,Sentadilla vertical.,Codos arriba.,,,,,,,,,,,,,,,,,,,Supabase: ejercicios_biblioteca,,,
ElevacionesLaterales,elevaciones-laterales,Elevaciones Laterales,Elevaciones Laterales,Elevaciones Laterales,pendiente,,,,,,,Hombros,Mancuernas,,,Aislamiento hombro.,Vuelo lateral puro.,,,,,,,,,,,,,,,,,,,Supabase: ejercicios_biblioteca,,,
SentadillaPausada,sentadilla-pausada,Sentadilla Pausada,Sentadilla Pausada,Sentadilla Pausada,pendiente,,,,,,,Cuádriceps,Rack,,,Pausa abajo.,Pura fuerza estática.,,,,,,,,,,,,,,,,,,,Supabase: ejercicios_biblioteca,,,
PressdeBancaPlanoPesado,press-de-banca-plano-(pesado),Press de Banca Plano (Pesado),Press de Banca Plano (Pesado),Press de Banca Plano (Pesado),pendiente,,,,,,,"Pecho, Tríceps (Fuerza)",Banco + Barra,,,Fuerza máxima en empuje horizontal.,"Tras el banco, el muscle up te retará el tríceps.",,,,,,,,,,,,,,,,,,,Supabase: ejercicios_biblioteca,,,
HandstandPushupsEstrictos,handstand-push-ups-estrictos,Handstand Push-ups Estrictos,Handstand Push-ups Estrictos,Handstand Push-ups Estrictos,pendiente,,,,,,,Hombros (Vertical),Pared o Libre,,,Dominio del peso corporal vertical.,La fatiga del HSPU afecta la plancha posterior.,,,,,,,,,,,,,,,,,,,Supabase: ejercicios_biblioteca,,,
FondosenParalelasconLastrePesados,fondos-en-paralelas-con-lastre-(pesados),Fondos en Paralelas con Lastre (Pesados),Fondos en Paralelas con Lastre (Pesados),Fondos en Paralelas con Lastre (Pesados),pendiente,,,,,,,"Pecho Inferior, Tríceps",Barras Paralelas de Madera Veta & Vigor + Lastre,,,Empuje profundo con sobrecarga. Aprovecha el agarre de la madera para estabilizar la muñeca.,Cuidado con bajar excesivamente si tienes molestia articular.,,,,,,,,,,,,,,,,,,,Supabase: ejercicios_biblioteca,,,
DominadasLastradas,dominadas-lastradas,Dominadas Lastradas,Dominadas Lastradas,Dominadas Lastradas,pendiente,,,,,,,Dorsales (hierro),Cinturón,,,Tracción vertical con peso.,Añade kilos.,,,,,,,,,,,,,,https://rhxseahupujjqhcrthpf.supabase.co/storage/v1/object/public/imagenes/ejercicios/DominadasLastradas_1785109856959.png,,,,,Supabase: ejercicios_biblioteca,,,
ElevacindeTalnPesada,elevación-de-talón-pesada,Elevación de Talón Pesada,Elevación de Talón Pesada,Elevación de Talón Pesada,pendiente,,,,,,,Gemelos,Máquina,,,Sóleo y gemelos pesados.,Ardor total.,,,,,,,,,,,,,,,,,,,Supabase: ejercicios_biblioteca,,,
PesoMuertoConvencionalPesado,peso-muerto-convencional-(pesado),Peso Muerto Convencional (Pesado),Peso Muerto Convencional (Pesado),Peso Muerto Convencional (Pesado),pendiente,,,,,,,Cadena Posterior,Barra,,,Tirón pesado central.,Agarre mixto o hook grip.,,,,,,,,,,,,,,,,,,,Supabase: ejercicios_biblioteca,,,
WallSitLastradoaUnaPierna,wall-sit-lastrado-a-una-pierna,Wall Sit Lastrado a Una Pierna,Wall Sit Lastrado a Una Pierna,Wall Sit Lastrado a Una Pierna,pendiente,,,,,,,Isometría,Pared + Disco,,,Isometría unilateral con disco en pierna.,Soporta el ácido láctico.,,,,,,,,,,,,,,,,,,,Supabase: ejercicios_biblioteca,,,
HipThrustconBarraPesado,hip-thrust-con-barra-pesado,Hip Thrust con Barra Pesado,Hip Thrust con Barra Pesado,Hip Thrust con Barra Pesado,pendiente,,,,,,,Glúteo,Barra + Banco,,,Fuerza extrema de glúteo.,Aprieta 2 seg arriba.,,,,,,,,,,,,,,,,,,,Supabase: ejercicios_biblioteca,,,
GluteHamRaiseSuelo,glute-ham-raise-(suelo),Glute Ham Raise (Suelo),Glute Ham Raise (Suelo),Glute Ham Raise (Suelo),pendiente,,,,,,,Isquiotibiales,Soporte pies,,,Isquio peso corporal.,Extensión total de cadera.,,,,,,,,,,,,,,,,,,,Supabase: ejercicios_biblioteca,,,
ZancadasPliomtricasAlternadas,zancadas-pliométricas-alternadas,Zancadas Pliométricas Alternadas,Zancadas Pliométricas Alternadas,Zancadas Pliométricas Alternadas,pendiente,,,,,,,Piernas Global,Suelo,,,Cierre metabólico.,No te detengas hasta el final.,,,,,,,,,,,,,,,,,,,Supabase: ejercicios_biblioteca,,,
MuscleupsEstrictos,muscle-ups-estrictos,Muscle-ups Estrictos,Muscle-ups Estrictos,Muscle-ups Estrictos,pendiente,,,,,,,Tirón/Empuje,Barra de dominadas,,,El rey de la calistenia superior.,Transición técnica.,,,,,,,,,,,,,,,,,,,Supabase: ejercicios_biblioteca,,,
PressdeBancaPlano,press-de-banca-plano,Press de Banca Plano,Press de Banca Plano,Press de Banca Plano,pendiente,,,,,,,Pecho,Banco,,,Fuerza de empuje horizontal.,Leg drive activado.,,,,,,,,,,,,,,,,,,,Supabase: ejercicios_biblioteca,,,
HandstandPushups,handstand-push-ups,Handstand Push-ups,Handstand Push-ups,Handstand Push-ups,pendiente,,,,,,,Hombros (calistenia),Pared/Libre,,,Empuje vertical corporal.,Equilibrio o pared.,,,,,,,,,,,,,,,,,,,Supabase: ejercicios_biblioteca,,,
PressMilitar,press-militar,Press Militar,Press Militar,Press Militar,pendiente,,,,,,,Hombros (hierro),Barra,,,Hombro pesado.,Bloqueo arriba.,,,,,,,,,,,,,,,,,,,Supabase: ejercicios_biblioteca,,,
SentadillaBlgaraPesada,sentadilla-búlgara-pesada,Sentadilla Búlgara Pesada,Sentadilla Búlgara Pesada,Sentadilla Búlgara Pesada,pendiente,,,,,,,Cuádriceps,Banco + Mancuernas,,,Fuerza unilateral de hierro.,Rompe el paralelo.,,,,,,,,,,,,,,,,,,,Supabase: ejercicios_biblioteca,,,
HumanFlag,human-flag,Human Flag,Human Flag,Human Flag,pendiente,,,,,,,Core,Poste vertical,,,Bandera estática.,Línea recta.,,,,,,,,,,,,,,,,,,,Supabase: ejercicios_biblioteca,,,
CurlAraaconMancuernas,curl-araña-con-mancuernas,Curl Araña con Mancuernas,Curl Araña con Mancuernas,Curl Araña con Mancuernas,pendiente,,,,,,,Bíceps,Banco inclinado,,,Acuéstate boca abajo en banco inclinado y haz curl.,"Cero balanceo, puro aislamiento.",,,,,,,,,,,,,,https://rhxseahupujjqhcrthpf.supabase.co/storage/v1/object/public/imagenes/ejercicios/CurlAraaconMancuernas_1784831042229.jpg,,,,,Supabase: ejercicios_biblioteca,,,
EJ093,abducción-en-maquina,Abducción en Maquina,Abducción en Maquina,Abducción en Maquina,pendiente,,,,,,,"Gluteo medio, Abductores",Maquina de abductores,,,"Sientate en la maquina con las piernas juntas sobre los cojines. Abre las
  piernas empujando hacia afuera. Regresa con control.",Aprieta los gluteos al abrir. Excelente para gluteo medio.,,,,,,,,,,,,,,https://rhxseahupujjqhcrthpf.supabase.co/storage/v1/object/public/imagenes/ejercicios/EJ093_1784155450855.png,,,,,Supabase: ejercicios_biblioteca,,,
EJ006,escapula-push-ups,Escapula Push-ups,Escapula Push-ups,Escapula Push-ups,pendiente,,,,,,,"Serrato anterior, Trapecio, Romboides.",Barras Paralelas bajas,,,"En posición de plancha, hunde y separa los omóplatos sin doblar los codos.","Imagina que quieres empujar el suelo lejos de ti para separar las ""alitas"" de la espalda.",,,,,,,,,,,,,,https://rhxseahupujjqhcrthpf.supabase.co/storage/v1/object/public/imagenes/ejercicios/EJ006_1784155629570.jpg,,,,,Supabase: ejercicios_biblioteca,,,
CurldeBceps,curl-de-bíceps,Curl de Bíceps,Curl de Bíceps,Curl de Bíceps,pendiente,,,,,,,Bíceps,Barra EZ,,,Bíceps.,Aísla.,,,,,,,,,,,,,,https://rhxseahupujjqhcrthpf.supabase.co/storage/v1/object/public/imagenes/ejercicios/CurldeBceps_1784831591773.png,,,,,Supabase: ejercicios_biblioteca,,,
CurldeBcepsconBarraRecta,curl-de-bíceps-con-barra-recta,Curl de Bíceps con Barra Recta,Curl de Bíceps con Barra Recta,Curl de Bíceps con Barra Recta,pendiente,,,,,,,Bíceps,Barra Recta,,,Hipertrofia clásica.,No balancees la espalda.,,,,,,,,,,,,,,https://rhxseahupujjqhcrthpf.supabase.co/storage/v1/object/public/imagenes/ejercicios/CurldeBcepsconBarraRecta_1784832118049.png,,,,,Supabase: ejercicios_biblioteca,,,
SentadillaProfundaconBarraPesada,sentadilla-profunda-con-barra-(pesada),Sentadilla Profunda con Barra (Pesada),Sentadilla Profunda con Barra (Pesada),Sentadilla Profunda con Barra (Pesada),pendiente,,,,,,,Cuádriceps,Rack,,,Sentadilla pesada base.,Sobrecarga mecánica.,,,,,,,,,,,,,,https://rhxseahupujjqhcrthpf.supabase.co/storage/v1/object/public/imagenes/ejercicios/SentadillaProfundaconBarraPesada_1784834898867.jpg,,,,,Supabase: ejercicios_biblioteca,,,
EJ028,escapula-push-ups-elevados,Escapula Push-ups Elevados,Escapula Push-ups Elevados,Escapula Push-ups Elevados,pendiente,,,,,,,"Deltoides, Tríceps, Trapecio superior",Barras Paralelas bajas + silla,,,Manos en las barras y pies elevados sobre una silla. Sube la cadera formando una V invertida pronunciada. Baja la cabeza entre las barras y empuja.,La elevación de pies aumenta la carga en los hombros. Excelente preparación para handstand push-ups.,,,,,,,,,,,,,,,,,,,Supabase: ejercicios_biblioteca,,,
EJ082,extensión-de-cuadriceps-en-maquina,Extensión de Cuadriceps en Maquina,Extensión de Cuadriceps en Maquina,Extensión de Cuadriceps en Maquina,pendiente,,,,,,,Cuadriceps,Maquina extensión de cuadriceps,,,Sientate en la maquina con los tobillos bajo el coji­n. Extiende las rodillas subiendo el peso hasta que las piernas queden rectas. Baja con control.,"No uses impulso. Aprieta los cuadriceps arriba 1 segundo. Baja lento (3
  segundos).",,,,,,,,,,,,,,,,,,,Supabase: ejercicios_biblioteca,,,
EJ104,aperturas-con-mancuernas,Aperturas con Mancuernas,Aperturas con Mancuernas,Aperturas con Mancuernas,pendiente,,,,,,,"Pectorales, Deltoides frontal",Banco plano + Mancuernas,,,"Acuestate en el banco con mancuernas sobre el pecho y brazos extendidos.
  Abre los brazos bajando las mancuernas con los codos ligeramente flexionados.
  Junta arriba.","No bajes demasiado para proteger los hombros. Siente el estiramiento en
  el pecho al abrir.",,,,,,,,,,,,,,https://rhxseahupujjqhcrthpf.supabase.co/storage/v1/object/public/imagenes/ejercicios/EJ104_1784829358048.png,,,,,Supabase: ejercicios_biblioteca,,,
EJ097,curl-con-barra-recta,Curl con Barra Recta,Curl con Barra Recta,Curl con Barra Recta,pendiente,,,,,,,"Biceps, Antebrazo",Barra recta,,,"De pie sujeta la barra recta con agarre supino a la anchura de los
  hombros. Flexiona los codos subiendo la barra hacia los hombros. Baja con
  control.","Manten los codos fijos y el torso recto. No balancees. Usa peso que
  permita forma estricta.",,,,,,,,,,,,,,https://rhxseahupujjqhcrthpf.supabase.co/storage/v1/object/public/imagenes/ejercicios/EJ097_1784831110201.png,,,,,Supabase: ejercicios_biblioteca,,,
EJ067,curl-de-biceps-con-mancuernas,Curl de Biceps con Mancuernas,Curl de Biceps con Mancuernas,Curl de Biceps con Mancuernas,pendiente,,,,,,,Biceps,Mancuernas,,,"De pie con una mancuerna en cada mano y los brazos extendidos. Flexiona
  los codos subiendo las mancuernas hacia los hombros. Baja con control sin
  balancear el cuerpo.",Manten los codos pegados al torso. No uses impulso con la espalda.,,,,,,,,,,,,,,https://rhxseahupujjqhcrthpf.supabase.co/storage/v1/object/public/imagenes/ejercicios/EJ067_1784832493953.png,,,,,Supabase: ejercicios_biblioteca,,,
EJ112,curl-femoral-acostado-en-maquina,Curl Femoral Acostado en Maquina,Curl Femoral Acostado en Maquina,Curl Femoral Acostado en Maquina,pendiente,,,,,,,Isquiotibiales,Maquina curl femoral acostado,,,"Acuestate boca abajo con los tobillos bajo el cojin. Flexiona las
  rodillas con fuerza llevando los talones hacia los gluteos. Baja lento (3
  segundos).","Manten la cadera pegada al banco. La fase excentrica lenta (bajada) es
  clave para hipertrofia.",,,,,,,,,,,,,,https://rhxseahupujjqhcrthpf.supabase.co/storage/v1/object/public/imagenes/ejercicios/EJ112_1784832594772.jpg,,,,,Supabase: ejercicios_biblioteca,,,
EJ081,curl-femoral-en-maquina,Curl Femoral en Maquina,Curl Femoral en Maquina,Curl Femoral en Maquina,pendiente,,,,,,,Isquiotibiales,Maquina curl femoral acostado,,,Acuestate boca abajo en la maquina con los tobillos bajo el cojin. Flexiona las rodillas llevando los talones hacia los gluteos. Baja con control.,"No levantes la cadera del banco. Aprieta los isquiotibiales arriba 1
  segundo.",,,,,,,,,,,,,,https://rhxseahupujjqhcrthpf.supabase.co/storage/v1/object/public/imagenes/ejercicios/EJ081_1784832660492.jpg,,,,,Supabase: ejercicios_biblioteca,,,
EJ001,curl-nórdico-asistido-(con-liga),Curl Nórdico Asistido (con liga),Curl Nórdico Asistido (con liga),Curl Nórdico Asistido (con liga),pendiente,,,,,,,"Isquiotibiales, Glúteos",Barra baja + Banda,,,Arrodíllate con los pies anclados bajo la barra baja. Ata una liga a la barra y sujétala al pecho. Baja el torso lentamente hacia el suelo resistiendo la caída.,Baja lo más lento que puedas (5 segundos). La liga asiste la subida. Excelente para isquiotibiales.,,,,,,,,,,,,,,https://rhxseahupujjqhcrthpf.supabase.co/storage/v1/object/public/imagenes/ejercicios/EJ001_1784834024629.png,,,,,Supabase: ejercicios_biblioteca,,,
CurlNrdicoExcntricoLento10seg,curl-nórdico-excéntrico-lento-(10-seg),Curl Nórdico Excéntrico Lento (10 seg),Curl Nórdico Excéntrico Lento (10 seg),Curl Nórdico Excéntrico Lento (10 seg),pendiente,,,,,,,Isquiotibiales (Daño excéntrico),Soporte pies,,,Baja el cuerpo tomando 10 segundos enteros hasta llegar al suelo. Empuja con manos para subir.,"Control mental total, no te dejes caer al final.",,,,,,,,,,,,,,https://rhxseahupujjqhcrthpf.supabase.co/storage/v1/object/public/imagenes/ejercicios/CurlNrdicoExcntricoLento10seg_1784834444596.png,,,,,Supabase: ejercicios_biblioteca,,,
DominadasconLastrePesadas,dominadas-con-lastre-(pesadas),Dominadas con Lastre (Pesadas),Dominadas con Lastre (Pesadas),Dominadas con Lastre (Pesadas),pendiente,,,,,,,Dorsales,Cinturón Lastre,,,Tracción vertical con sobrecarga máxima.,Tracciona duro y explosivo.,,,,,,,,,,,,,,https://rhxseahupujjqhcrthpf.supabase.co/storage/v1/object/public/imagenes/ejercicios/DominadasconLastrePesadas_1785109279248.png,,,,,Supabase: ejercicios_biblioteca,,,
DominadasconLastrePesado,dominadas-con-lastre-(pesado),Dominadas con Lastre (Pesado),Dominadas con Lastre (Pesado),Dominadas con Lastre (Pesado),pendiente,,,,,,,Dorsales (Tracción pesada),Cinturón Lastre,,,Carga para bajas repeticiones. Pasa la barbilla.,Core duro como roca.,,,,,,,,,,,,,,https://rhxseahupujjqhcrthpf.supabase.co/storage/v1/object/public/imagenes/ejercicios/DominadasconLastrePesado_1785109302245.png,,,,,Supabase: ejercicios_biblioteca,,,